Workbook

Sheet README
A1: Fault-injection campaign — M2 (ResNet-20), exported ONNX bundle with D2 SVDD monitor
A3: What was run
A4: 10 fault configurations × 10 repetitions. Each repetition flips a fresh, seeded random set of bits (seed = 1000 × config number + repetition − 1) in the weights of artifacts/deploy/m2_fp32_default_seed0/model.onnx, then runs the 200 bundled CIFAR-10 test pictures (20 per class, 10 classes) through the corrupted model.
A5: Injection is the bundle UI's own code (sections 3–4), driven automatically in a headless browser with ONNX Runtime Web. The model is restored between repetitions; flips never accumulate across repetitions.
A6: The monitor is the joint SVDD (D2) inside model.onnx, thresholds fixed on clean_cal at export. Headline sheets use the false-alarm setting α = 1 % (the UI default); 'Runs' also holds α = 5 % and 0.1 %.
A8: How each metric is defined (per configuration, repetition and class)
A9: Positives: the class's 20 pictures through the corrupted model (should be flagged). Negatives: the same 20 pictures through the model before flips, in the same weight format (should not be flagged).
A10: Recall (detection rate) = TP / (TP + FN). Precision = TP / (TP + FP), blank when nothing was flagged. F1 = 2·TP / (2·TP + FP + FN). False-alarm rate = FP / (FP + TN).
A11: Mean and SD are across the 10 repetitions (sample SD, n − 1). Precision's mean and SD use only repetitions where it is defined; column N says how many.
A12: Class 'ALL' pools the 200 pictures of a repetition.
A14: Read before using these numbers
A15: • False-alarm rate has SD 0 by construction: it is measured on the unflipped model, which is the same in every repetition of a configuration.
... A26: Configurations — the 10 settings. Flips — every bit flipped, per run, for reproduction.

Sheet Overview
A1: Detection per configuration — all 10 classes pooled (200 pictures per run), 10 repetitions, α = 1 %
A3: Config | B3: Format | C3: Where | D3: Which bit | E3: Flips | F3: Recall mean | G3: Recall SD | H3: Precision mean | I3: Precision SD | J3: Precision N | K3: F1 mean | L3: F1 SD | M3: False-alarm rate mean | N3: False-alarm rate SD | O3: Answers changed (of 200), mean | P3: Recall when answer changed | Q3: Recall when answer unchanged | R3: Accuracy after (mean) | S3: Runs with recall ≥ 50 %
A4: C01 | B4: FP32 | C4: early | D4: Sign bit | E4: 16 | F4: =Recall!Q12 -> 0.0055 | G4: =Recall!R12 -> 0.0028382311 | H4: =Precision!Q12 -> 0.48333333 | I4: =Precision!R12 -> 0.18341749 | J4: =Precision!S12 -> 10 | K4: =F1!Q12 -> 0.01087158 | L4: =F1!R12 -> 0.0055859364 | M4: ='False alarms'!Q12 -> 0.005 | N4: ='False alarms'!R12 -> 0 | O4: =AVERAGEIFS(Runs!$R$2:$R$3301,Runs!$A$2:$A$3301,"C01",Runs!$G$2:$G$3301,"ALL",Runs!$H$2:$H$3301,0.01) -> 6.8 | P4: =IFERROR(AVERAGEIFS(Runs!$S$2:$S$3301,Runs!$A$2:$A$3301,"C01",Runs!$G$2:$G$3301,"ALL",Runs!$H$2:$H$3301,0.01),"") -> 0 | Q4: =IFERROR(AVERAGEIFS(Runs!$T$2:$T$3301,Runs!$A$2:$A$3301,"C01",Runs!$G$2:$G$3301,"ALL",Runs!$H$2:$H$3301,0.01),"") -> 0.0056947017 | R4: =AVERAGEIFS(Runs!$V$2:$V$3301,Runs!$A$2:$A$3301,"C01",Runs!$G$2:$G$3301,"ALL",Runs!$H$2:$H$3301,0.01) -> 0.884 | S4: =COUNTIF(Recall!G12:P12,">=0.5") -> 0
A5: C02 | B5: FP32 | C5: early | D5: Exponent, top bits (drastic) | E5: 1 | F5: =Recall!Q23 -> 0.204 | G5: =Recall!R23 -> 0.41952884 | H5: =Precision!Q23 -> 0.59900498 | I5: =Precision!R23 -> 0.20872081 | J5: =Precision!S23 -> 10 | K5: =F1!Q23 -> 0.20742204 | L5: =F1!R23 -> 0.41641093 | M5: ='False alarms'!Q23 -> 0.005 | N5: ='False alarms'!R23 -> 0 | O5: =AVERAGEIFS(Runs!$R$2:$R$3301,Runs!$A$2:$A$3301,"C02",Runs!$G$2:$G$3301,"ALL",Runs!$H$2:$H$3301,0.01) -> 36.5 | P5: =IFERROR(AVERAGEIFS(Runs!$S$2:$S$3301,Runs!$A$2:$A$3301,"C02",Runs!$G$2:$G$3301,"ALL",Runs!$H$2:$H$3301,0.01),"") -> 0.4 | Q5: =IFERROR(AVERAGEIFS(Runs!$T$2:$T$3301,Runs!$A$2:$A$3301,"C02",Runs!$G$2:$G$3301,"ALL",Runs!$H$2:$H$3301,0.01),"") -> 0.20402292 | R5: =AVERAGEIFS(Runs!$V$2:$V$3301,Runs!$A$2:$A$3301,"C02",Runs!$G$2:$G$3301,"ALL",Runs!$H$2:$H$3301,0.01) -> 0.723 | S5: =COUNTIF(Recall!G23:P23,">=0.5") -> 2
A6: C03 | B6: FP32 | C6: middle | D6: Exponent, top bits (drastic) | E6: 4 | F6: =Recall!Q34 -> 0.5025 | G6: =Recall!R34 -> 0.52441105 | H6: =Precision!Q34 -> 0.74751244 | I6: =Precision!R34 -> 0.26090102 | J6: =Precision!S34 -> 10 | K6: =F1!Q34 -> 0.50370361 | L6: =F1!R34 -> 0.52051367 | M6: ='False alarms'!Q34 -> 0.005 | N6: ='False alarms'!R34 -> 0 | O6: =AVERAGEIFS(Runs!$R$2:$R$3301,Runs!$A$2:$A$3301,"C03",Runs!$G$2:$G$3301,"ALL",Runs!$H$2:$H$3301,0.01) -> 89.5 | P6: =IFERROR(AVERAGEIFS(Runs!$S$2:$S$3301,Runs!$A$2:$A$3301,"C03",Runs!$G$2:$G$3301,"ALL",Runs!$H$2:$H$3301,0.01),"") -> 0.625 | Q6: =IFERROR(AVERAGEIFS(Runs!$T$2:$T$3301,Runs!$A$2:$A$3301,"C03",Runs!$G$2:$G$3301,"ALL",Runs!$H$2:$H$3301,0.01),"") -> 0.50252802 | R6: =AVERAGEIFS(Runs!$V$2:$V$3301,Runs!$A$2:$A$3301,"C03",Runs!$G$2:$G$3301,"ALL",Runs!$H$2:$H$3301,0.01) -> 0.4935 | S6: =COUNTIF(Recall!G34:P34,">=0.5") -> 5
A7: C04 | B7: FP32 | C7: late | D7: Exponent, top bits (drastic) | E7: 1 | F7: =Recall!Q45 -> 0.2 | G7: =Recall!R45 -> 0.41120419 | H7: =Precision!Q45 -> 0.59898435 | I7: =Precision!R45 -> 0.20867734 | J7: =Precision!S45 -> 10 | K7: =F1!Q45 -> 0.20538134 | L7: =F1!R45 -> 0.41213683 | M7: ='False alarms'!Q45 -> 0.005 | N7: ='False alarms'!R45 -> 0 | O7: =AVERAGEIFS(Runs!$R$2:$R$3301,Runs!$A$2:$A$3301,"C04",Runs!$G$2:$G$3301,"ALL",Runs!$H$2:$H$3301,0.01) -> 35.6 | P7: =IFERROR(AVERAGEIFS(Runs!$S$2:$S$3301,Runs!$A$2:$A$3301,"C04",Runs!$G$2:$G$3301,"ALL",Runs!$H$2:$H$3301,0.01),"") -> 1 | Q7: =IFERROR(AVERAGEIFS(Runs!$T$2:$T$3301,Runs!$A$2:$A$3301,"C04",Runs!$G$2:$G$3301,"ALL",Runs!$H$2:$H$3301,0.01),"") -> 0.16921739 | R7: =AVERAGEIFS(Runs!$V$2:$V$3301,Runs!$A$2:$A$3301,"C04",Runs!$G$2:$G$3301,"ALL",Runs!$H$2:$H$3301,0.01) -> 0.726 | S7: =COUNTIF(Recall!G45:P45,">=0.5") -> 2
A8: C05 | B8: FP32 | C8: late | D8: Exponent, low bits | E8: 16 | F8: =Recall!Q56 -> 0.017 | G8: =Recall!R56 -> 0.02287648 | H8: =Precision!Q56 -> 0.61785714 | I8: =Precision!R56 -> 0.17446333 | J8: =Precision!S56 -> 10 | K8: =F1!Q56 -> 0.032408372 | L8: =F1!R56 -> 0.04267676 | M8: ='False alarms'!Q56 -> 0.005 | N8: ='False alarms'!R56 -> 0 | O8: =AVERAGEIFS(Runs!$R$2:$R$3301,Runs!$A$2:$A$3301,"C05",Runs!$G$2:$G$3301,"ALL",Runs!$H$2:$H$3301,0.01) -> 6.3 | P8: =IFERROR(AVERAGEIFS(Runs!$S$2:$S$3301,Runs!$A$2:$A$3301,"C05",Runs!$G$2:$G$3301,"ALL",Runs!$H$2:$H$3301,0.01),"") -> 0.015458937 | Q8: =IFERROR(AVERAGEIFS(Runs!$T$2:$T$3301,Runs!$A$2:$A$3301,"C05",Runs!$G$2:$G$3301,"ALL",Runs!$H$2:$H$3301,0.01),"") -> 0.017082355 | R8: =AVERAGEIFS(Runs!$V$2:$V$3301,Runs!$A$2:$A$3301,"C05",Runs!$G$2:$G$3301,"ALL",Runs!$H$2:$H$3301,0.01) -> 0.8745 | S8: =COUNTIF(Recall!G56:P56,">=0.5") -> 0
A9: C06 | B9: FP32 | C9: middle | D9: Mantissa, high bits | E9: 16 | F9: =Recall!Q67 -> 0.005 | G9: =Recall!R67 -> 0 | H9: =Precision!Q67 -> 0.5 | I9: =Precision!R67 -> 0 | J9: =Precision!S67 -> 10 | K9: =F1!Q67 -> 0.0099009901 | L9: =F1!R67 -> 0 | M9: ='False alarms'!Q67 -> 0.005 | N9: ='False alarms'!R67 -> 0 | O9: =AVERAGEIFS(Runs!$R$2:$R$3301,Runs!$A$2:$A$3301,"C06",Runs!$G$2:$G$3301,"ALL",Runs!$H$2:$H$3301,0.01) -> 0.2 | P9: =IFERROR(AVERAGEIFS(Runs!$S$2:$S$3301,Runs!$A$2:$A$3301,"C06",Runs!$G$2:$G$3301,"ALL",Runs!$H$2:$H$3301,0.01),"") -> 0 | Q9: =IFERROR(AVERAGEIFS(Runs!$T$2:$T$3301,Runs!$A$2:$A$3301,"C06",Runs!$G$2:$G$3301,"ALL",Runs!$H$2:$H$3301,0.01),"") -> 0.0050050251 | R9: =AVERAGEIFS(Runs!$V$2:$V$3301,Runs!$A$2:$A$3301,"C06",Runs!$G$2:$G$3301,"ALL",Runs!$H$2:$H$3301,0.01) -> 0.8805 | S9: =COUNTIF(Recall!G67:P67,">=0.5") -> 0
A10: C07 | B10: FP32 | C10: late | D10: Mantissa, low bits (subtle) | E10: 16 | F10: =Recall!Q78 -> 0.005 | G10: =Recall!R78 -> 0 | H10: =Precision!Q78 -> 0.5 | I10: =Precision!R78 -> 0 | J10: =Precision!S78 -> 10 | K10: =F1!Q78 -> 0.0099009901 | L10: =F1!R78 -> 0 | M10: ='False alarms'!Q78 -> 0.005 | N10: ='False alarms'!R78 -> 0 | O10: =AVERAGEIFS(Runs!$R$2:$R$3301,Runs!$A$2:$A$3301,"C07",Runs!$G$2:$G$3301,"ALL",Runs!$H$2:$H$3301,0.01) -> 0 | P10: =IFERROR(AVERAGEIFS(Runs!$S$2:$S$3301,Runs!$A$2:$A$3301,"C07",Runs!$G$2:$G$3301,"ALL",Runs!$H$2:$H$3301,0.01),"") | Q10: =IFERROR(AVERAGEIFS(Runs!$T$2:$T$3301,Runs!$A$2:$A$3301,"C07",Runs!$G$2:$G$3301,"ALL",Runs!$H$2:$H$3301,0.01),"") -> 0.005 | R10: =AVERAGEIFS(Runs!$V$2:$V$3301,Runs!$A$2:$A$3301,"C07",Runs!$G$2:$G$3301,"ALL",Runs!$H$2:$H$3301,0.01) -> 0.88 | S10: =COUNTIF(Recall!G78:P78,">=0.5") -> 0
A11: C08 | B11: INT8 | C11: early | D11: Sign bit | E11: 4 | F11: =Recall!Q89 -> 0.0055 | G11: =Recall!R89 -> 0.0028382311 | H11: =Precision!Q89 -> 0.48333333 | I11: =Precision!R89 -> 0.18341749 | J11: =Precision!S89 -> 10 | K11: =F1!Q89 -> 0.01087158 | L11: =F1!R89 -> 0.0055859364 | M11: ='False alarms'!Q89 -> 0.005 | N11: ='False alarms'!R89 -> 0 | O11: =AVERAGEIFS(Runs!$R$2:$R$3301,Runs!$A$2:$A$3301,"C08",Runs!$G$2:$G$3301,"ALL",Runs!$H$2:$H$3301,0.01) -> 5.8 | P11: =IFERROR(AVERAGEIFS(Runs!$S$2:$S$3301,Runs!$A$2:$A$3301,"C08",Runs!$G$2:$G$3301,"ALL",Runs!$H$2:$H$3301,0.01),"") -> 0.016666667 | Q11: =IFERROR(AVERAGEIFS(Runs!$T$2:$T$3301,Runs!$A$2:$A$3301,"C08",Runs!$G$2:$G$3301,"ALL",Runs!$H$2:$H$3301,0.01),"") -> 0.0051101284 | R11: =AVERAGEIFS(Runs!$V$2:$V$3301,Runs!$A$2:$A$3301,"C08",Runs!$G$2:$G$3301,"ALL",Runs!$H$2:$H$3301,0.01) -> 0.874 | S11: =COUNTIF(Recall!G89:P89,">=0.5") -> 0
A12: C09 | B12: INT8 | C12: late | D12: Top magnitude bit | E12: 16 | F12: =Recall!Q100 -> 0.007 | G12: =Recall!R100 -> 0.0063245553 | H12: =Precision!Q100 -> 0.53333333 | I12: =Precision!R100 -> 0.10540926 | J12: =Precision!S100 -> 10 | K12: =F1!Q100 -> 0.01376526 | L12: =F1!R100 -> 0.012219894 | M12: ='False alarms'!Q100 -> 0.005 | N12: ='False alarms'!R100 -> 0 | O12: =AVERAGEIFS(Runs!$R$2:$R$3301,Runs!$A$2:$A$3301,"C09",Runs!$G$2:$G$3301,"ALL",Runs!$H$2:$H$3301,0.01) -> 2 | P12: =IFERROR(AVERAGEIFS(Runs!$S$2:$S$3301,Runs!$A$2:$A$3301,"C09",Runs!$G$2:$G$3301,"ALL",Runs!$H$2:$H$3301,0.01),"") -> 0 | Q12: =IFERROR(AVERAGEIFS(Runs!$T$2:$T$3301,Runs!$A$2:$A$3301,"C09",Runs!$G$2:$G$3301,"ALL",Runs!$H$2:$H$3301,0.01),"") -> 0.0070915533 | R12: =AVERAGEIFS(Runs!$V$2:$V$3301,Runs!$A$2:$A$3301,"C09",Runs!$G$2:$G$3301,"ALL",Runs!$H$2:$H$3301,0.01) -> 0.884 | S12: =COUNTIF(Recall!G100:P100,">=0.5") -> 0
A13: C10 | B13: FP16 | C13: early | D13: Sign bit | E13: 16 | F13: =Recall!Q111 -> 0.0055 | G13: =Recall!R111 -> 0.0028382311 | H13: =Precision!Q111 -> 0.48333333 | I13: =Precision!R111 -> 0.18341749 | J13: =Precision!S111 -> 10 | K13: =F1!Q111 -> 0.01087158 | L13: =F1!R111 -> 0.0055859364 | M13: ='False alarms'!Q111 -> 0.005 | N13: ='False alarms'!R111 -> 0 | O13: =AVERAGEIFS(Runs!$R$2:$R$3301,Runs!$A$2:$A$3301,"C10",Runs!$G$2:$G$3301,"ALL",Runs!$H$2:$H$3301,0.01) -> 4.1 | P13: =IFERROR(AVERAGEIFS(Runs!$S$2:$S$3301,Runs!$A$2:$A$3301,"C10",Runs!$G$2:$G$3301,"ALL",Runs!$H$2:$H$3301,0.01),"") -> 0 | Q13: =IFERROR(AVERAGEIFS(Runs!$T$2:$T$3301,Runs!$A$2:$A$3301,"C10",Runs!$G$2:$G$3301,"ALL",Runs!$H$2:$H$3301,0.01),"") -> 0.0056257869 | R13: =AVERAGEIFS(Runs!$V$2:$V$3301,Runs!$A$2:$A$3301,"C10",Runs!$G$2:$G$3301,"ALL",Runs!$H$2:$H$3301,0.01) -> 0.8825 | S13: =COUNTIF(Recall!G111:P111,">=0.5") -> 0
A15: Green = linked from the per-metric sheets; other columns compute from 'Runs'. 'Recall when answer changed/unchanged' averages only runs where such pictures exist.
A16: Accuracy before flips: 88.0 % for FP32, INT8 and FP16 alike on these 200 pictures. False-alarm rate is measured on the model before flips, so its SD is 0.
A17: Exponent-top configurations (C02–C04) are all-or-nothing per run; 'Runs with recall ≥ 50 %' shows how many of the 10 blew the network up.

Sheet Recall by class
A1: Mean recall per class (10 repetitions, α = 1 %) — links to the 'Recall' sheet
A3: Config | B3: Format | C3: Where | D3: Which bit | E3: Flips | F3: airplane | G3: automobile | H3: bird | I3: cat | J3: deer | K3: dog | L3: frog | M3: horse | N3: ship | O3: truck | P3: ALL
A4: C01 | B4: FP32 | C4: early | D4: Sign bit | E4: 16 | F4: =Recall!Q2 -> 0 | G4: =Recall!Q3 -> 0.005 | H4: =Recall!Q4 -> 0 | I4: =Recall!Q5 -> 0 | J4: =Recall!Q6 -> 0 | K4: =Recall!Q7 -> 0 | L4: =Recall!Q8 -> 0.015 | M4: =Recall!Q9 -> 0 | N4: =Recall!Q10 -> 0 | O4: =Recall!Q11 -> 0.035 | P4: =Recall!Q12 -> 0.0055
A5: C02 | B5: FP32 | C5: early | D5: Exponent, top bits (drastic) | E5: 1 | F5: =Recall!Q13 -> 0.2 | G5: =Recall!Q14 -> 0.2 | H5: =Recall!Q15 -> 0.2 | I5: =Recall!Q16 -> 0.2 | J5: =Recall!Q17 -> 0.2 | K5: =Recall!Q18 -> 0.2 | L5: =Recall!Q19 -> 0.2 | M5: =Recall!Q20 -> 0.2 | N5: =Recall!Q21 -> 0.2 | O5: =Recall!Q22 -> 0.24 | P5: =Recall!Q23 -> 0.204
A6: C03 | B6: FP32 | C6: middle | D6: Exponent, top bits (drastic) | E6: 4 | F6: =Recall!Q24 -> 0.5 | G6: =Recall!Q25 -> 0.5 | H6: =Recall!Q26 -> 0.5 | I6: =Recall!Q27 -> 0.5 | J6: =Recall!Q28 -> 0.5 | K6: =Recall!Q29 -> 0.5 | L6: =Recall!Q30 -> 0.5 | M6: =Recall!Q31 -> 0.5 | N6: =Recall!Q32 -> 0.5 | O6: =Recall!Q33 -> 0.525 | P6: =Recall!Q34 -> 0.5025
A7: C04 | B7: FP32 | C7: late | D7: Exponent, top bits (drastic) | E7: 1 | F7: =Recall!Q35 -> 0.2 | G7: =Recall!Q36 -> 0.2 | H7: =Recall!Q37 -> 0.2 | I7: =Recall!Q38 -> 0.2 | J7: =Recall!Q39 -> 0.19 | K7: =Recall!Q40 -> 0.195 | L7: =Recall!Q41 -> 0.19 | M7: =Recall!Q42 -> 0.2 | N7: =Recall!Q43 -> 0.19 | O7: =Recall!Q44 -> 0.235 | P7: =Recall!Q45 -> 0.2
A8: C05 | B8: FP32 | C8: late | D8: Exponent, low bits | E8: 16 | F8: =Recall!Q46 -> 0 | G8: =Recall!Q47 -> 0.05 | H8: =Recall!Q48 -> 0.005 | I8: =Recall!Q49 -> 0.03 | J8: =Recall!Q50 -> 0.005 | K8: =Recall!Q51 -> 0.015 | L8: =Recall!Q52 -> 0.01 | M8: =Recall!Q53 -> 0 | N8: =Recall!Q54 -> 0.005 | O8: =Recall!Q55 -> 0.05 | P8: =Recall!Q56 -> 0.017
A9: C06 | B9: FP32 | C9: middle | D9: Mantissa, high bits | E9: 16 | F9: =Recall!Q57 -> 0 | G9: =Recall!Q58 -> 0 | H9: =Recall!Q59 -> 0 | I9: =Recall!Q60 -> 0 | J9: =Recall!Q61 -> 0 | K9: =Recall!Q62 -> 0 | L9: =Recall!Q63 -> 0 | M9: =Recall!Q64 -> 0 | N9: =Recall!Q65 -> 0 | O9: =Recall!Q66 -> 0.05 | P9: =Recall!Q67 -> 0.005
A10: C07 | B10: FP32 | C10: late | D10: Mantissa, low bits (subtle) | E10: 16 | F10: =Recall!Q68 -> 0 | G10: =Recall!Q69 -> 0 | H10: =Recall!Q70 -> 0 | I10: =Recall!Q71 -> 0 | J10: =Recall!Q72 -> 0 | K10: =Recall!Q73 -> 0 | L10: =Recall!Q74 -> 0 | M10: =Recall!Q75 -> 0 | N10: =Recall!Q76 -> 0 | O10: =Recall!Q77 -> 0.05 | P10: =Recall!Q78 -> 0.005
A11: C08 | B11: INT8 | C11: early | D11: Sign bit | E11: 4 | F11: =Recall!Q79 -> 0 | G11: =Recall!Q80 -> 0 | H11: =Recall!Q81 -> 0.005 | I11: =Recall!Q82 -> 0 | J11: =Recall!Q83 -> 0 | K11: =Recall!Q84 -> 0.005 | L11: =Recall!Q85 -> 0.005 | M11: =Recall!Q86 -> 0 | N11: =Recall!Q87 -> 0 | O11: =Recall!Q88 -> 0.04 | P11: =Recall!Q89 -> 0.0055
A12: C09 | B12: INT8 | C12: late | D12: Top magnitude bit | E12: 16 | F12: =Recall!Q90 -> 0 | G12: =Recall!Q91 -> 0 | H12: =Recall!Q92 -> 0 | I12: =Recall!Q93 -> 0.01 | J12: =Recall!Q94 -> 0.005 | K12: =Recall!Q95 -> 0 | L12: =Recall!Q96 -> 0 | M12: =Recall!Q97 -> 0.005 | N12: =Recall!Q98 -> 0 | O12: =Recall!Q99 -> 0.05 | P12: =Recall!Q100 -> 0.007
A13: C10 | B13: FP16 | C13: early | D13: Sign bit | E13: 16 | F13: =Recall!Q101 -> 0 | G13: =Recall!Q102 -> 0 | H13: =Recall!Q103 -> 0 | I13: =Recall!Q104 -> 0 | J13: =Recall!Q105 -> 0 | K13: =Recall!Q106 -> 0 | L13: =Recall!Q107 -> 0.01 | M13: =Recall!Q108 -> 0 | N13: =Recall!Q109 -> 0 | O13: =Recall!Q110 -> 0.045 | P13: =Recall!Q111 -> 0.0055
A15: Each class has 20 pictures per run, so one picture is 5 points. The truck class contains one picture the monitor flags even on the healthy model.

Sheet Configurations
A1: Config | B1: Weight format | C1: Where | D1: Which bit | E1: Bits | F1: Flips per run | G1: Repetitions | H1: Pictures per run
A2: C01 | B2: FP32 | C2: Early layers (stem, stage 1) | D2: Sign bit | E2: 31 | F2: 16 | G2: 10 | H2: 200
A3: C02 | B3: FP32 | C3: Early layers (stem, stage 1) | D3: Exponent, top bits (drastic) | E3: 30–27 | F3: 1 | G3: 10 | H3: 200
A4: C03 | B4: FP32 | C4: Middle layers (stage 2) | D4: Exponent, top bits (drastic) | E4: 30–27 | F4: 4 | G4: 10 | H4: 200
A5: C04 | B5: FP32 | C5: Late layers (stage 3, fc) | D5: Exponent, top bits (drastic) | E5: 30–27 | F5: 1 | G5: 10 | H5: 200
A6: C05 | B6: FP32 | C6: Late layers (stage 3, fc) | D6: Exponent, low bits | E6: 26–23 | F6: 16 | G6: 10 | H6: 200
A7: C06 | B7: FP32 | C7: Middle layers (stage 2) | D7: Mantissa, high bits | E7: 22–16 | F7: 16 | G7: 10 | H7: 200
A8: C07 | B8: FP32 | C8: Late layers (stage 3, fc) | D8: Mantissa, low bits (subtle) | E8: 15–0 | F8: 16 | G8: 10 | H8: 200
A9: C08 | B9: INT8 | C9: Early layers (stem, stage 1) | D9: Sign bit | E9: 7 | F9: 4 | G9: 10 | H9: 200
A10: C09 | B10: INT8 | C10: Late layers (stage 3, fc) | D10: Top magnitude bit | E10: 6 | F10: 16 | G10: 10 | H10: 200
A11: C10 | B11: FP16 | C11: Early layers (stem, stage 1) | D11: Sign bit | E11: 15 | F11: 16 | G11: 10 | H11: 200
A13: Blue = chosen inputs. Bits: positions in the format's code (FP32 bit 31 = sign; INT8 bit 7 = sign).

Sheet Runs
A1: Config | B1: Format | C1: Where | D1: Which bit | E1: Flips | F1: Repetition | G1: Class | H1: α (allowed false alarms) | I1: Pictures | J1: TP | K1: FN | L1: FP | M1: TN | N1: Recall | O1: Precision | P1: F1 | Q1: False-alarm rate | R1: Answers changed | S1: Recall: answer changed | T1: Recall: answer unchanged | U1: Accuracy before | V1: Accuracy after
A2: C01 | B2: FP32 | C2: early | D2: sign | E2: 16 | F2: 1 | G2: airplane | H2: 0.05 | I2: 20 | J2: 2 | K2: 18 | L2: 2 | M2: 18 | N2: =J2/(J2+K2) -> 0.1 | O2: =IF(J2+L2=0,"",J2/(J2+L2)) -> 0.5 | P2: =2*J2/(2*J2+L2+K2) -> 0.16666667 | Q2: =L2/(L2+M2) -> 0.1 | R2: 2 | S2: 0 | T2: 0.11111111 | U2: 0.85 | V2: 0.8
A3: C01 | B3: FP32 | C3: early | D3: sign | E3: 16 | F3: 1 | G3: automobile | H3: 0.05 | I3: 20 | J3: 2 | K3: 18 | L3: 1 | M3: 19 | N3: =J3/(J3+K3) -> 0.1 | O3: =IF(J3+L3=0,"",J3/(J3+L3)) -> 0.66666667 | P3: =2*J3/(2*J3+L3+K3) -> 0.17391304 | Q3: =L3/(L3+M3) -> 0.05 | R3: 0 | T3: 0.1 | U3: 1 | V3: 1
A4: C01 | B4: FP32 | C4: early | D4: sign | E4: 16 | F4: 1 | G4: bird | H4: 0.05 | I4: 20 | J4: 0 | K4: 20 | L4: 0 | M4: 20 | N4: =J4/(J4+K4) -> 0 | O4: =IF(J4+L4=0,"",J4/(J4+L4)) | P4: =2*J4/(2*J4+L4+K4) -> 0 | Q4: =L4/(L4+M4) -> 0 | R4: 2 | S4: 0 | T4: 0 | U4: 0.9 | V4: 1
A5: C01 | B5: FP32 | C5: early | D5: sign | E5: 16 | F5: 1 | G5: cat | H5: 0.05 | I5: 20 | J5: 0 | K5: 20 | L5: 0 | M5: 20 | N5: =J5/(J5+K5) -> 0 | O5: =IF(J5+L5=0,"",J5/(J5+L5)) | P5: =2*J5/(2*J5+L5+K5) -> 0 | Q5: =L5/(L5+M5) -> 0 | R5: 1 | S5: 0 | T5: 0 | U5: 0.8 | V5: 0.75
A6: C01 | B6: FP32 | C6: early | D6: sign | E6: 16 | F6: 1 | G6: deer | H6: 0.05 | I6: 20 | J6: 0 | K6: 20 | L6: 1 | M6: 19 | N6: =J6/(J6+K6) -> 0 | O6: =IF(J6+L6=0,"",J6/(J6+L6)) -> 0 | P6: =2*J6/(2*J6+L6+K6) -> 0 | Q6: =L6/(L6+M6) -> 0.05 | R6: 1 | S6: 0 | T6: 0 | U6: 0.9 | V6: 0.85
A7: C01 | B7: FP32 | C7: early | D7: sign | E7: 16 | F7: 1 | G7: dog | H7: 0.05 | I7: 20 | J7: 0 | K7: 20 | L7: 0 | M7: 20 | N7: =J7/(J7+K7) -> 0 | O7: =IF(J7+L7=0,"",J7/(J7+L7)) | P7: =2*J7/(2*J7+L7+K7) -> 0 | Q7: =L7/(L7+M7) -> 0 | R7: 1 | S7: 0 | T7: 0 | U7: 0.65 | V7: 0.65
A8: C01 | B8: FP32 | C8: early | D8: sign | E8: 16 | F8: 1 | G8: frog | H8: 0.05 | I8: 20 | J8: 1 | K8: 19 | L8: 1 | M8: 19 | N8: =J8/(J8+K8) -> 0.05 | O8: =IF(J8+L8=0,"",J8/(J8+L8)) -> 0.5 | P8: =2*J8/(2*J8+L8+K8) -> 0.090909091 | Q8: =L8/(L8+M8) -> 0.05 | R8: 4 | S8: 0.25 | T8: 0 | U8: 0.85 | V8: 0.8
A9: C01 | B9: FP32 | C9: early | D9: sign | E9: 16 | F9: 1 | G9: horse | H9: 0.05 | I9: 20 | J9: 0 | K9: 20 | L9: 0 | M9: 20 | N9: =J9/(J9+K9) -> 0 | O9: =IF(J9+L9=0,"",J9/(J9+L9)) | P9: =2*J9/(2*J9+L9+K9) -> 0 | Q9: =L9/(L9+M9) -> 0 | R9: 2 | S9: 0 | T9: 0 | U9: 0.9 | V9: 0.9
A10: C01 | B10: FP32 | C10: early | D10: sign | E10: 16 | F10: 1 | G10: ship | H10: 0.05 | I10: 20 | J10: 0 | K10: 20 | L10: 0 | M10: 20 | N10: =J10/(J10+K10) -> 0 | O10: =IF(J10+L10=0,"",J10/(J10+L10)) | P10: =2*J10/(2*J10+L10+K10) -> 0 | Q10: =L10/(L10+M10) -> 0 | R10: 0 | T10: 0 | U10: 0.95 | V10: 0.95
A11: C01 | B11: FP32 | C11: early | D11: sign | E11: 16 | F11: 1 | G11: truck | H11: 0.05 | I11: 20 | J11: 0 | K11: 20 | L11: 1 | M11: 19 | N11: =J11/(J11+K11) -> 0 | O11: =IF(J11+L11=0,"",J11/(J11+L11)) -> 0 | P11: =2*J11/(2*J11+L11+K11) -> 0 | Q11: =L11/(L11+M11) -> 0.05 | R11: 0 | T11: 0 | U11: 1 | V11: 1
A12: C01 | B12: FP32 | C12: early | D12: sign | E12: 16 | F12: 1 | G12: ALL | H12: 0.05 | I12: 200 | J12: 5 | K12: 195 | L12: 6 | M12: 194 | N12: =J12/(J12+K12) -> 0.025 | O12: =IF(J12+L12=0,"",J12/(J12+L12)) -> 0.45454545 | P12: =2*J12/(2*J12+L12+K12) -> 0.047393365 | Q12: =L12/(L12+M12) -> 0.03 | R12: 13 | S12: 0.076923077 | T12: 0.021390374 | U12: 0.88 | V12: 0.87
A13: C01 | B13: FP32 | C13: early | D13: sign | E13: 16 | F13: 2 | G13: airplane | H13: 0.05 | I13: 20 | J13: 1 | K13: 19 | L13: 2 | M13: 18 | N13: =J13/(J13+K13) -> 0.05 | O13: =IF(J13+L13=0,"",J13/(J13+L13)) -> 0.33333333 | P13: =2*J13/(2*J13+L13+K13) -> 0.086956522 | Q13: =L13/(L13+M13) -> 0.1 | R13: 0 | T13: 0.05 | U13: 0.85 | V13: 0.85
A14: C01 | B14: FP32 | C14: early | D14: sign | E14: 16 | F14: 2 | G14: automobile | H14: 0.05 | I14: 20 | J14: 1 | K14: 19 | L14: 1 | M14: 19 | N14: =J14/(J14+K14) -> 0.05 | O14: =IF(J14+L14=0,"",J14/(J14+L14)) -> 0.5 | P14: =2*J14/(2*J14+L14+K14) -> 0.090909091 | Q14: =L14/(L14+M14) -> 0.05 | R14: 0 | T14: 0.05 | U14: 1 | V14: 1
A15: C01 | B15: FP32 | C15: early | D15: sign | E15: 16 | F15: 2 | G15: bird | H15: 0.05 | I15: 20 | J15: 0 | K15: 20 | L15: 0 | M15: 20 | N15: =J15/(J15+K15) -> 0 | O15: =IF(J15+L15=0,"",J15/(J15+L15)) | P15: =2*J15/(2*J15+L15+K15) -> 0 | Q15: =L15/(L15+M15) -> 0 | R15: 0 | T15: 0 | U15: 0.9 | V15: 0.9
A16: C01 | B16: FP32 | C16: early | D16: sign | E16: 16 | F16: 2 | G16: cat | H16: 0.05 | I16: 20 | J16: 0 | K16: 20 | L16: 0 | M16: 20 | N16: =J16/(J16+K16) -> 0 | O16: =IF(J16+L16=0,"",J16/(J16+L16)) | P16: =2*J16/(2*J16+L16+K16) -> 0 | Q16: =L16/(L16+M16) -> 0 | R16: 0 | T16: 0 | U16: 0.8 | V16: 0.8
A17: C01 | B17: FP32 | C17: early | D17: sign | E17: 16 | F17: 2 | G17: deer | H17: 0.05 | I17: 20 | J17: 0 | K17: 20 | L17: 1 | M17: 19 | N17: =J17/(J17+K17) -> 0 | O17: =IF(J17+L17=0,"",J17/(J17+L17)) -> 0 | P17: =2*J17/(2*J17+L17+K17) -> 0 | Q17: =L17/(L17+M17) -> 0.05 | R17: 0 | T17: 0 | U17: 0.9 | V17: 0.9
A18: C01 | B18: FP32 | C18: early | D18: sign | E18: 16 | F18: 2 | G18: dog | H18: 0.05 | I18: 20 | J18: 0 | K18: 20 | L18: 0 | M18: 20 | N18: =J18/(J18+K18) -> 0 | O18: =IF(J18+L18=0,"",J18/(J18+L18)) | P18: =2*J18/(2*J18+L18+K18) -> 0 | Q18: =L18/(L18+M18) -> 0 | R18: 1 | S18: 0 | T18: 0 | U18: 0.65 | V18: 0.65
A19: C01 | B19: FP32 | C19: early | D19: sign | E19: 16 | F19: 2 | G19: frog | H19: 0.05 | I19: 20 | J19: 1 | K19: 19 | L19: 1 | M19: 19 | N19: =J19/(J19+K19) -> 0.05 | O19: =IF(J19+L19=0,"",J19/(J19+L19)) -> 0.5 | P19: =2*J19/(2*J19+L19+K19) -> 0.090909091 | Q19: =L19/(L19+M19) -> 0.05 | R19: 1 | S19: 0 | T19: 0.052631579 | U19: 0.85 | V19: 0.9
A20: C01 | B20: FP32 | C20: early | D20: sign | E20: 16 | F20: 2 | G20: horse | H20: 0.05 | I20: 20 | J20: 0 | K20: 20 | L20: 0 | M20: 20 | N20: =J20/(J20+K20) -> 0 | O20: =IF(J20+L20=0,"",J20/(J20+L20)) | P20: =2*J20/(2*J20+L20+K20) -> 0 | Q20: =L20/(L20+M20) -> 0 | R20: 0 | T20: 0 | U20: 0.9 | V20: 0.9
A21: C01 | B21: FP32 | C21: early | D21: sign | E21: 16 | F21: 2 | G21: ship | H21: 0.05 | I21: 20 | J21: 0 | K21: 20 | L21: 0 | M21: 20 | N21: =J21/(J21+K21) -> 0 | O21: =IF(J21+L21=0,"",J21/(J21+L21)) | P21: =2*J21/(2*J21+L21+K21) -> 0 | Q21: =L21/(L21+M21) -> 0 | R21: 0 | T21: 0 | U21: 0.95 | V21: 0.95
A22: C01 | B22: FP32 | C22: early | D22: sign | E22: 16 | F22: 2 | G22: truck | H22: 0.05 | I22: 20 | J22: 1 | K22: 19 | L22: 1 | M22: 19 | N22: =J22/(J22+K22) -> 0.05 | O22: =IF(J22+L22=0,"",J22/(J22+L22)) -> 0.5 | P22: =2*J22/(2*J22+L22+K22) -> 0.090909091 | Q22: =L22/(L22+M22) -> 0.05 | R22: 0 | T22: 0.05 | U22: 1 | V22: 1
A23: C01 | B23: FP32 | C23: early | D23: sign | E23: 16 | F23: 2 | G23: ALL | H23: 0.05 | I23: 200 | J23: 4 | K23: 196 | L23: 6 | M23: 194 | N23: =J23/(J23+K23) -> 0.02 | O23: =IF(J23+L23=0,"",J23/(J23+L23)) -> 0.4 | P23: =2*J23/(2*J23+L23+K23) -> 0.038095238 | Q23: =L23/(L23+M23) -> 0.03 | R23: 2 | S23: 0 | T23: 0.02020202 | U23: 0.88 | V23: 0.885
A24: C01 | B24: FP32 | C24: early | D24: sign | E24: 16 | F24: 3 | G24: airplane | H24: 0.05 | I24: 20 | J24: 2 | K24: 18 | L24: 2 | M24: 18 | N24: =J24/(J24+K24) -> 0.1 | O24: =IF(J24+L24=0,"",J24/(J24+L24)) -> 0.5 | P24: =2*J24/(2*J24+L24+K24) -> 0.16666667 | Q24: =L24/(L24+M24) -> 0.1 | R24: 1 | S24: 0 | T24: 0.10526316 | U24: 0.85 | V24: 0.85
A25: C01 | B25: FP32 | C25: early | D25: sign | E25: 16 | F25: 3 | G25: automobile | H25: 0.05 | I25: 20 | J25: 1 | K25: 19 | L25: 1 | M25: 19 | N25: =J25/(J25+K25) -> 0.05 | O25: =IF(J25+L25=0,"",J25/(J25+L25)) -> 0.5 | P25: =2*J25/(2*J25+L25+K25) -> 0.090909091 | Q25: =L25/(L25+M25) -> 0.05 | R25: 0 | T25: 0.05 | U25: 1 | V25: 1
A26: C01 | B26: FP32 | C26: early | D26: sign | E26: 16 | F26: 3 | G26: bird | H26: 0.05 | I26: 20 | J26: 0 | K26: 20 | L26: 0 | M26: 20 | N26: =J26/(J26+K26) -> 0 | O26: =IF(J26+L26=0,"",J26/(J26+L26)) | P26: =2*J26/(2*J26+L26+K26) -> 0 | Q26: =L26/(L26+M26) -> 0 | R26: 0 | T26: 0 | U26: 0.9 | V26: 0.9
A27: C01 | B27: FP32 | C27: early | D27: sign | E27: 16 | F27: 3 | G27: cat | H27: 0.05 | I27: 20 | J27: 0 | K27: 20 | L27: 0 | M27: 20 | N27: =J27/(J27+K27) -> 0 | O27: =IF(J27+L27=0,"",J27/(J27+L27)) | P27: =2*J27/(2*J27+L27+K27) -> 0 | Q27: =L27/(L27+M27) -> 0 | R27: 0 | T27: 0 | U27: 0.8 | V27: 0.8
A28: C01 | B28: FP32 | C28: early | D28: sign | E28: 16 | F28: 3 | G28: deer | H28: 0.05 | I28: 20 | J28: 1 | K28: 19 | L28: 1 | M28: 19 | N28: =J28/(J28+K28) -> 0.05 | O28: =IF(J28+L28=0,"",J28/(J28+L28)) -> 0.5 | P28: =2*J28/(2*J28+L28+K28) -> 0.090909091 | Q28: =L28/(L28+M28) -> 0.05 | R28: 0 | T28: 0.05 | U28: 0.9 | V28: 0.9
A29: C01 | B29: FP32 | C29: early | D29: sign | E29: 16 | F29: 3 | G29: dog | H29: 0.05 | I29: 20 | J29: 0 | K29: 20 | L29: 0 | M29: 20 | N29: =J29/(J29+K29) -> 0 | O29: =IF(J29+L29=0,"",J29/(J29+L29)) | P29: =2*J29/(2*J29+L29+K29) -> 0 | Q29: =L29/(L29+M29) -> 0 | R29: 0 | T29: 0 | U29: 0.65 | V29: 0.65
A30: C01 | B30: FP32 | C30: early | D30: sign | E30: 16 | F30: 3 | G30: frog | H30: 0.05 | I30: 20 | J30: 1 | K30: 19 | L30: 1 | M30: 19 | N30: =J30/(J30+K30) -> 0.05 | O30: =IF(J30+L30=0,"",J30/(J30+L30)) -> 0.5 | P30: =2*J30/(2*J30+L30+K30) -> 0.090909091 | Q30: =L30/(L30+M30) -> 0.05 | R30: 2 | S30: 0 | T30: 0.055555556 | U30: 0.85 | V30: 0.9
A31: C01 | B31: FP32 | C31: early | D31: sign | E31: 16 | F31: 3 | G31: horse | H31: 0.05 | I31: 20 | J31: 0 | K31: 20 | L31: 0 | M31: 20 | N31: =J31/(J31+K31) -> 0 | O31: =IF(J31+L31=0,"",J31/(J31+L31)) | P31: =2*J31/(2*J31+L31+K31) -> 0 | Q31: =L31/(L31+M31) -> 0 | R31: 1 | S31: 0 | T31: 0 | U31: 0.9 | V31: 0.95
A32: C01 | B32: FP32 | C32: early | D32: sign | E32: 16 | F32: 3 | G32: ship | H32: 0.05 | I32: 20 | J32: 0 | K32: 20 | L32: 0 | M32: 20 | N32: =J32/(J32+K32) -> 0 | O32: =IF(J32+L32=0,"",J32/(J32+L32)) | P32: =2*J32/(2*J32+L32+K32) -> 0 | Q32: =L32/(L32+M32) -> 0 | R32: 0 | T32: 0 | U32: 0.95 | V32: 0.95
A33: C01 | B33: FP32 | C33: early | D33: sign | E33: 16 | F33: 3 | G33: truck | H33: 0.05 | I33: 20 | J33: 1 | K33: 19 | L33: 1 | M33: 19 | N33: =J33/(J33+K33) -> 0.05 | O33: =IF(J33+L33=0,"",J33/(J33+L33)) -> 0.5 | P33: =2*J33/(2*J33+L33+K33) -> 0.090909091 | Q33: =L33/(L33+M33) -> 0.05 | R33: 0 | T33: 0.05 | U33: 1 | V33: 1
A34: C01 | B34: FP32 | C34: early | D34: sign | E34: 16 | F34: 3 | G34: ALL | H34: 0.05 | I34: 200 | J34: 6 | K34: 194 | L34: 6 | M34: 194 | N34: =J34/(J34+K34) -> 0.03 | O34: =IF(J34+L34=0,"",J34/(J34+L34)) -> 0.5 | P34: =2*J34/(2*J34+L34+K34) -> 0.056603774 | Q34: =L34/(L34+M34) -> 0.03 | R34: 4 | S34: 0 | T34: 0.030612245 | U34: 0.88 | V34: 0.89
A35: C01 | B35: FP32 | C35: early | D35: sign | E35: 16 | F35: 4 | G35: airplane | H35: 0.05 | I35: 20 | J35: 2 | K35: 18 | L35: 2 | M35: 18 | N35: =J35/(J35+K35) -> 0.1 | O35: =IF(J35+L35=0,"",J35/(J35+L35)) -> 0.5 | P35: =2*J35/(2*J35+L35+K35) -> 0.16666667 | Q35: =L35/(L35+M35) -> 0.1 | R35: 0 | T35: 0.1 | U35: 0.85 | V35: 0.85
A36: C01 | B36: FP32 | C36: early | D36: sign | E36: 16 | F36: 4 | G36: automobile | H36: 0.05 | I36: 20 | J36: 1 | K36: 19 | L36: 1 | M36: 19 | N36: =J36/(J36+K36) -> 0.05 | O36: =IF(J36+L36=0,"",J36/(J36+L36)) -> 0.5 | P36: =2*J36/(2*J36+L36+K36) -> 0.090909091 | Q36: =L36/(L36+M36) -> 0.05 | R36: 0 | T36: 0.05 | U36: 1 | V36: 1
A37: C01 | B37: FP32 | C37: early | D37: sign | E37: 16 | F37: 4 | G37: bird | H37: 0.05 | I37: 20 | J37: 0 | K37: 20 | L37: 0 | M37: 20 | N37: =J37/(J37+K37) -> 0 | O37: =IF(J37+L37=0,"",J37/(J37+L37)) | P37: =2*J37/(2*J37+L37+K37) -> 0 | Q37: =L37/(L37+M37) -> 0 | R37: 0 | T37: 0 | U37: 0.9 | V37: 0.9
A38: C01 | B38: FP32 | C38: early | D38: sign | E38: 16 | F38: 4 | G38: cat | H38: 0.05 | I38: 20 | J38: 0 | K38: 20 | L38: 0 | M38: 20 | N38: =J38/(J38+K38) -> 0 | O38: =IF(J38+L38=0,"",J38/(J38+L38)) | P38: =2*J38/(2*J38+L38+K38) -> 0 | Q38: =L38/(L38+M38) -> 0 | R38: 0 | T38: 0 | U38: 0.8 | V38: 0.8
A39: C01 | B39: FP32 | C39: early | D39: sign | E39: 16 | F39: 4 | G39: deer | H39: 0.05 | I39: 20 | J39: 1 | K39: 19 | L39: 1 | M39: 19 | N39: =J39/(J39+K39) -> 0.05 | O39: =IF(J39+L39=0,"",J39/(J39+L39)) -> 0.5 | P39: =2*J39/(2*J39+L39+K39) -> 0.090909091 | Q39: =L39/(L39+M39) -> 0.05 | R39: 0 | T39: 0.05 | U39: 0.9 | V39: 0.9
A40: C01 | B40: FP32 | C40: early | D40: sign | E40: 16 | F40: 4 | G40: dog | H40: 0.05 | I40: 20 | J40: 0 | K40: 20 | L40: 0 | M40: 20 | N40: =J40/(J40+K40) -> 0 | O40: =IF(J40+L40=0,"",J40/(J40+L40)) | P40: =2*J40/(2*J40+L40+K40) -> 0 | Q40: =L40/(L40+M40) -> 0 | R40: 2 | S40: 0 | T40: 0 | U40: 0.65 | V40: 0.65
A41: C01 | B41: FP32 | C41: early | D41: sign | E41: 16 | F41: 4 | G41: frog | H41: 0.05 | I41: 20 | J41: 1 | K41: 19 | L41: 1 | M41: 19 | N41: =J41/(J41+K41) -> 0.05 | O41: =IF(J41+L41=0,"",J41/(J41+L41)) -> 0.5 | P41: =2*J41/(2*J41+L41+K41) -> 0.090909091 | Q41: =L41/(L41+M41) -> 0.05 | R41: 2 | S41: 0.5 | T41: 0 | U41: 0.85 | V41: 0.75
A42: C01 | B42: FP32 | C42: early | D42: sign | E42: 16 | F42: 4 | G42: horse | H42: 0.05 | I42: 20 | J42: 0 | K42: 20 | L42: 0 | M42: 20 | N42: =J42/(J42+K42) -> 0 | O42: =IF(J42+L42=0,"",J42/(J42+L42)) | P42: =2*J42/(2*J42+L42+K42) -> 0 | Q42: =L42/(L42+M42) -> 0 | R42: 0 | T42: 0 | U42: 0.9 | V42: 0.9
A43: C01 | B43: FP32 | C43: early | D43: sign | E43: 16 | F43: 4 | G43: ship | H43: 0.05 | I43: 20 | J43: 0 | K43: 20 | L43: 0 | M43: 20 | N43: =J43/(J43+K43) -> 0 | O43: =IF(J43+L43=0,"",J43/(J43+L43)) | P43: =2*J43/(2*J43+L43+K43) -> 0 | Q43: =L43/(L43+M43) -> 0 | R43: 0 | T43: 0 | U43: 0.95 | V43: 0.95
A44: C01 | B44: FP32 | C44: early | D44: sign | E44: 16 | F44: 4 | G44: truck | H44: 0.05 | I44: 20 | J44: 1 | K44: 19 | L44: 1 | M44: 19 | N44: =J44/(J44+K44) -> 0.05 | O44: =IF(J44+L44=0,"",J44/(J44+L44)) -> 0.5 | P44: =2*J44/(2*J44+L44+K44) -> 0.090909091 | Q44: =L44/(L44+M44) -> 0.05 | R44: 0 | T44: 0.05 | U44: 1 | V44: 1
A45: C01 | B45: FP32 | C45: early | D45: sign | E45: 16 | F45: 4 | G45: ALL | H45: 0.05 | I45: 200 | J45: 6 | K45: 194 | L45: 6 | M45: 194 | N45: =J45/(J45+K45) -> 0.03 | O45: =IF(J45+L45=0,"",J45/(J45+L45)) -> 0.5 | P45: =2*J45/(2*J45+L45+K45) -> 0.056603774 | Q45: =L45/(L45+M45) -> 0.03 | R45: 4 | S45: 0.25 | T45: 0.025510204 | U45: 0.88 | V45: 0.87
A46: C01 | B46: FP32 | C46: early | D46: sign | E46: 16 | F46: 5 | G46: airplane | H46: 0.05 | I46: 20 | J46: 2 | K46: 18 | L46: 2 | M46: 18 | N46: =J46/(J46+K46) -> 0.1 | O46: =IF(J46+L46=0,"",J46/(J46+L46)) -> 0.5 | P46: =2*J46/(2*J46+L46+K46) -> 0.16666667 | Q46: =L46/(L46+M46) -> 0.1 | R46: 2 | S46: 0 | T46: 0.11111111 | U46: 0.85 | V46: 0.85
A47: C01 | B47: FP32 | C47: early | D47: sign | E47: 16 | F47: 5 | G47: automobile | H47: 0.05 | I47: 20 | J47: 2 | K47: 18 | L47: 1 | M47: 19 | N47: =J47/(J47+K47) -> 0.1 | O47: =IF(J47+L47=0,"",J47/(J47+L47)) -> 0.66666667 | P47: =2*J47/(2*J47+L47+K47) -> 0.17391304 | Q47: =L47/(L47+M47) -> 0.05 | R47: 0 | T47: 0.1 | U47: 1 | V47: 1
A48: C01 | B48: FP32 | C48: early | D48: sign | E48: 16 | F48: 5 | G48: bird | H48: 0.05 | I48: 20 | J48: 0 | K48: 20 | L48: 0 | M48: 20 | N48: =J48/(J48+K48) -> 0 | O48: =IF(J48+L48=0,"",J48/(J48+L48)) | P48: =2*J48/(2*J48+L48+K48) -> 0 | Q48: =L48/(L48+M48) -> 0 | R48: 0 | T48: 0 | U48: 0.9 | V48: 0.9
A49: C01 | B49: FP32 | C49: early | D49: sign | E49: 16 | F49: 5 | G49: cat | H49: 0.05 | I49: 20 | J49: 0 | K49: 20 | L49: 0 | M49: 20 | N49: =J49/(J49+K49) -> 0 | O49: =IF(J49+L49=0,"",J49/(J49+L49)) | P49: =2*J49/(2*J49+L49+K49) -> 0 | Q49: =L49/(L49+M49) -> 0 | R49: 0 | T49: 0 | U49: 0.8 | V49: 0.8
A50: C01 | B50: FP32 | C50: early | D50: sign | E50: 16 | F50: 5 | G50: deer | H50: 0.05 | I50: 20 | J50: 0 | K50: 20 | L50: 1 | M50: 19 | N50: =J50/(J50+K50) -> 0 | O50: =IF(J50+L50=0,"",J50/(J50+L50)) -> 0 | P50: =2*J50/(2*J50+L50+K50) -> 0 | Q50: =L50/(L50+M50) -> 0.05 | R50: 1 | S50: 0 | T50: 0 | U50: 0.9 | V50: 0.9
A51: C01 | B51: FP32 | C51: early | D51: sign | E51: 16 | F51: 5 | G51: dog | H51: 0.05 | I51: 20 | J51: 0 | K51: 20 | L51: 0 | M51: 20 | N51: =J51/(J51+K51) -> 0 | O51: =IF(J51+L51=0,"",J51/(J51+L51)) | P51: =2*J51/(2*J51+L51+K51) -> 0 | Q51: =L51/(L51+M51) -> 0 | R51: 0 | T51: 0 | U51: 0.65 | V51: 0.65
A52: C01 | B52: FP32 | C52: early | D52: sign | E52: 16 | F52: 5 | G52: frog | H52: 0.05 | I52: 20 | J52: 1 | K52: 19 | L52: 1 | M52: 19 | N52: =J52/(J52+K52) -> 0.05 | O52: =IF(J52+L52=0,"",J52/(J52+L52)) -> 0.5 | P52: =2*J52/(2*J52+L52+K52) -> 0.090909091 | Q52: =L52/(L52+M52) -> 0.05 | R52: 2 | S52: 0 | T52: 0.055555556 | U52: 0.85 | V52: 0.95
A53: C01 | B53: FP32 | C53: early | D53: sign | E53: 16 | F53: 5 | G53: horse | H53: 0.05 | I53: 20 | J53: 0 | K53: 20 | L53: 0 | M53: 20 | N53: =J53/(J53+K53) -> 0 | O53: =IF(J53+L53=0,"",J53/(J53+L53)) | P53: =2*J53/(2*J53+L53+K53) -> 0 | Q53: =L53/(L53+M53) -> 0 | R53: 0 | T53: 0 | U53: 0.9 | V53: 0.9
A54: C01 | B54: FP32 | C54: early | D54: sign | E54: 16 | F54: 5 | G54: ship | H54: 0.05 | I54: 20 | J54: 0 | K54: 20 | L54: 0 | M54: 20 | N54: =J54/(J54+K54) -> 0 | O54: =IF(J54+L54=0,"",J54/(J54+L54)) | P54: =2*J54/(2*J54+L54+K54) -> 0 | Q54: =L54/(L54+M54) -> 0 | R54: 0 | T54: 0 | U54: 0.95 | V54: 0.95
A55: C01 | B55: FP32 | C55: early | D55: sign | E55: 16 | F55: 5 | G55: truck | H55: 0.05 | I55: 20 | J55: 1 | K55: 19 | L55: 1 | M55: 19 | N55: =J55/(J55+K55) -> 0.05 | O55: =IF(J55+L55=0,"",J55/(J55+L55)) -> 0.5 | P55: =2*J55/(2*J55+L55+K55) -> 0.090909091 | Q55: =L55/(L55+M55) -> 0.05 | R55: 0 | T55: 0.05 | U55: 1 | V55: 1
A56: C01 | B56: FP32 | C56: early | D56: sign | E56: 16 | F56: 5 | G56: ALL | H56: 0.05 | I56: 200 | J56: 6 | K56: 194 | L56: 6 | M56: 194 | N56: =J56/(J56+K56) -> 0.03 | O56: =IF(J56+L56=0,"",J56/(J56+L56)) -> 0.5 | P56: =2*J56/(2*J56+L56+K56) -> 0.056603774 | Q56: =L56/(L56+M56) -> 0.03 | R56: 5 | S56: 0 | T56: 0.030769231 | U56: 0.88 | V56: 0.89
A57: C01 | B57: FP32 | C57: early | D57: sign | E57: 16 | F57: 6 | G57: airplane | H57: 0.05 | I57: 20 | J57: 3 | K57: 17 | L57: 2 | M57: 18 | N57: =J57/(J57+K57) -> 0.15 | O57: =IF(J57+L57=0,"",J57/(J57+L57)) -> 0.6 | P57: =2*J57/(2*J57+L57+K57) -> 0.24 | Q57: =L57/(L57+M57) -> 0.1 | R57: 1 | S57: 1 | T57: 0.10526316 | U57: 0.85 | V57: 0.9
A58: C01 | B58: FP32 | C58: early | D58: sign | E58: 16 | F58: 6 | G58: automobile | H58: 0.05 | I58: 20 | J58: 2 | K58: 18 | L58: 1 | M58: 19 | N58: =J58/(J58+K58) -> 0.1 | O58: =IF(J58+L58=0,"",J58/(J58+L58)) -> 0.66666667 | P58: =2*J58/(2*J58+L58+K58) -> 0.17391304 | Q58: =L58/(L58+M58) -> 0.05 | R58: 0 | T58: 0.1 | U58: 1 | V58: 1
A59: C01 | B59: FP32 | C59: early | D59: sign | E59: 16 | F59: 6 | G59: bird | H59: 0.05 | I59: 20 | J59: 1 | K59: 19 | L59: 0 | M59: 20 | N59: =J59/(J59+K59) -> 0.05 | O59: =IF(J59+L59=0,"",J59/(J59+L59)) -> 1 | P59: =2*J59/(2*J59+L59+K59) -> 0.095238095 | Q59: =L59/(L59+M59) -> 0 | R59: 1 | S59: 0 | T59: 0.052631579 | U59: 0.9 | V59: 0.95
A60: C01 | B60: FP32 | C60: early | D60: sign | E60: 16 | F60: 6 | G60: cat | H60: 0.05 | I60: 20 | J60: 0 | K60: 20 | L60: 0 | M60: 20 | N60: =J60/(J60+K60) -> 0 | O60: =IF(J60+L60=0,"",J60/(J60+L60)) | P60: =2*J60/(2*J60+L60+K60) -> 0 | Q60: =L60/(L60+M60) -> 0 | R60: 2 | S60: 0 | T60: 0 | U60: 0.8 | V60: 0.8
A61: C01 | B61: FP32 | C61: early | D61: sign | E61: 16 | F61: 6 | G61: deer | H61: 0.05 | I61: 20 | J61: 1 | K61: 19 | L61: 1 | M61: 19 | N61: =J61/(J61+K61) -> 0.05 | O61: =IF(J61+L61=0,"",J61/(J61+L61)) -> 0.5 | P61: =2*J61/(2*J61+L61+K61) -> 0.090909091 | Q61: =L61/(L61+M61) -> 0.05 | R61: 0 | T61: 0.05 | U61: 0.9 | V61: 0.9
A62: C01 | B62: FP32 | C62: early | D62: sign | E62: 16 | F62: 6 | G62: dog | H62: 0.05 | I62: 20 | J62: 0 | K62: 20 | L62: 0 | M62: 20 | N62: =J62/(J62+K62) -> 0 | O62: =IF(J62+L62=0,"",J62/(J62+L62)) | P62: =2*J62/(2*J62+L62+K62) -> 0 | Q62: =L62/(L62+M62) -> 0 | R62: 1 | S62: 0 | T62: 0 | U62: 0.65 | V62: 0.65
A63: C01 | B63: FP32 | C63: early | D63: sign | E63: 16 | F63: 6 | G63: frog | H63: 0.05 | I63: 20 | J63: 2 | K63: 18 | L63: 1 | M63: 19 | N63: =J63/(J63+K63) -> 0.1 | O63: =IF(J63+L63=0,"",J63/(J63+L63)) -> 0.66666667 | P63: =2*J63/(2*J63+L63+K63) -> 0.17391304 | Q63: =L63/(L63+M63) -> 0.05 | R63: 3 | S63: 0 | T63: 0.11764706 | U63: 0.85 | V63: 0.95
A64: C01 | B64: FP32 | C64: early | D64: sign | E64: 16 | F64: 6 | G64: horse | H64: 0.05 | I64: 20 | J64: 0 | K64: 20 | L64: 0 | M64: 20 | N64: =J64/(J64+K64) -> 0 | O64: =IF(J64+L64=0,"",J64/(J64+L64)) | P64: =2*J64/(2*J64+L64+K64) -> 0 | Q64: =L64/(L64+M64) -> 0 | R64: 2 | S64: 0 | T64: 0 | U64: 0.9 | V64: 0.85
A65: C01 | B65: FP32 | C65: early | D65: sign | E65: 16 | F65: 6 | G65: ship | H65: 0.05 | I65: 20 | J65: 1 | K65: 19 | L65: 0 | M65: 20 | N65: =J65/(J65+K65) -> 0.05 | O65: =IF(J65+L65=0,"",J65/(J65+L65)) -> 1 | P65: =2*J65/(2*J65+L65+K65) -> 0.095238095 | Q65: =L65/(L65+M65) -> 0 | R65: 0 | T65: 0.05 | U65: 0.95 | V65: 0.95
A66: C01 | B66: FP32 | C66: early | D66: sign | E66: 16 | F66: 6 | G66: truck | H66: 0.05 | I66: 20 | J66: 0 | K66: 20 | L66: 1 | M66: 19 | N66: =J66/(J66+K66) -> 0 | O66: =IF(J66+L66=0,"",J66/(J66+L66)) -> 0 | P66: =2*J66/(2*J66+L66+K66) -> 0 | Q66: =L66/(L66+M66) -> 0.05 | R66: 0 | T66: 0 | U66: 1 | V66: 1
A67: C01 | B67: FP32 | C67: early | D67: sign | E67: 16 | F67: 6 | G67: ALL | H67: 0.05 | I67: 200 | J67: 10 | K67: 190 | L67: 6 | M67: 194 | N67: =J67/(J67+K67) -> 0.05 | O67: =IF(J67+L67=0,"",J67/(J67+L67)) -> 0.625 | P67: =2*J67/(2*J67+L67+K67) -> 0.092592593 | Q67: =L67/(L67+M67) -> 0.03 | R67: 10 | S67: 0.1 | T67: 0.047368421 | U67: 0.88 | V67: 0.895
A68: C01 | B68: FP32 | C68: early | D68: sign | E68: 16 | F68: 7 | G68: airplane | H68: 0.05 | I68: 20 | J68: 3 | K68: 17 | L68: 2 | M68: 18 | N68: =J68/(J68+K68) -> 0.15 | O68: =IF(J68+L68=0,"",J68/(J68+L68)) -> 0.6 | P68: =2*J68/(2*J68+L68+K68) -> 0.24 | Q68: =L68/(L68+M68) -> 0.1 | R68: 1 | S68: 0 | T68: 0.15789474 | U68: 0.85 | V68: 0.9
A69: C01 | B69: FP32 | C69: early | D69: sign | E69: 16 | F69: 7 | G69: automobile | H69: 0.05 | I69: 20 | J69: 2 | K69: 18 | L69: 1 | M69: 19 | N69: =J69/(J69+K69) -> 0.1 | O69: =IF(J69+L69=0,"",J69/(J69+L69)) -> 0.66666667 | P69: =2*J69/(2*J69+L69+K69) -> 0.17391304 | Q69: =L69/(L69+M69) -> 0.05 | R69: 0 | T69: 0.1 | U69: 1 | V69: 1
A70: C01 | B70: FP32 | C70: early | D70: sign | E70: 16 | F70: 7 | G70: bird | H70: 0.05 | I70: 20 | J70: 0 | K70: 20 | L70: 0 | M70: 20 | N70: =J70/(J70+K70) -> 0 | O70: =IF(J70+L70=0,"",J70/(J70+L70)) | P70: =2*J70/(2*J70+L70+K70) -> 0 | Q70: =L70/(L70+M70) -> 0 | R70: 0 | T70: 0 | U70: 0.9 | V70: 0.9
A71: C01 | B71: FP32 | C71: early | D71: sign | E71: 16 | F71: 7 | G71: cat | H71: 0.05 | I71: 20 | J71: 0 | K71: 20 | L71: 0 | M71: 20 | N71: =J71/(J71+K71) -> 0 | O71: =IF(J71+L71=0,"",J71/(J71+L71)) | P71: =2*J71/(2*J71+L71+K71) -> 0 | Q71: =L71/(L71+M71) -> 0 | R71: 0 | T71: 0 | U71: 0.8 | V71: 0.8
A72: C01 | B72: FP32 | C72: early | D72: sign | E72: 16 | F72: 7 | G72: deer | H72: 0.05 | I72: 20 | J72: 1 | K72: 19 | L72: 1 | M72: 19 | N72: =J72/(J72+K72) -> 0.05 | O72: =IF(J72+L72=0,"",J72/(J72+L72)) -> 0.5 | P72: =2*J72/(2*J72+L72+K72) -> 0.090909091 | Q72: =L72/(L72+M72) -> 0.05 | R72: 0 | T72: 0.05 | U72: 0.9 | V72: 0.9
A73: C01 | B73: FP32 | C73: early | D73: sign | E73: 16 | F73: 7 | G73: dog | H73: 0.05 | I73: 20 | J73: 0 | K73: 20 | L73: 0 | M73: 20 | N73: =J73/(J73+K73) -> 0 | O73: =IF(J73+L73=0,"",J73/(J73+L73)) | P73: =2*J73/(2*J73+L73+K73) -> 0 | Q73: =L73/(L73+M73) -> 0 | R73: 0 | T73: 0 | U73: 0.65 | V73: 0.65
A74: C01 | B74: FP32 | C74: early | D74: sign | E74: 16 | F74: 7 | G74: frog | H74: 0.05 | I74: 20 | J74: 1 | K74: 19 | L74: 1 | M74: 19 | N74: =J74/(J74+K74) -> 0.05 | O74: =IF(J74+L74=0,"",J74/(J74+L74)) -> 0.5 | P74: =2*J74/(2*J74+L74+K74) -> 0.090909091 | Q74: =L74/(L74+M74) -> 0.05 | R74: 0 | T74: 0.05 | U74: 0.85 | V74: 0.85
A75: C01 | B75: FP32 | C75: early | D75: sign | E75: 16 | F75: 7 | G75: horse | H75: 0.05 | I75: 20 | J75: 0 | K75: 20 | L75: 0 | M75: 20 | N75: =J75/(J75+K75) -> 0 | O75: =IF(J75+L75=0,"",J75/(J75+L75)) | P75: =2*J75/(2*J75+L75+K75) -> 0 | Q75: =L75/(L75+M75) -> 0 | R75: 1 | S75: 0 | T75: 0 | U75: 0.9 | V75: 0.9
A76: C01 | B76: FP32 | C76: early | D76: sign | E76: 16 | F76: 7 | G76: ship | H76: 0.05 | I76: 20 | J76: 0 | K76: 20 | L76: 0 | M76: 20 | N76: =J76/(J76+K76) -> 0 | O76: =IF(J76+L76=0,"",J76/(J76+L76)) | P76: =2*J76/(2*J76+L76+K76) -> 0 | Q76: =L76/(L76+M76) -> 0 | R76: 0 | T76: 0 | U76: 0.95 | V76: 0.95
A77: C01 | B77: FP32 | C77: early | D77: sign | E77: 16 | F77: 7 | G77: truck | H77: 0.05 | I77: 20 | J77: 1 | K77: 19 | L77: 1 | M77: 19 | N77: =J77/(J77+K77) -> 0.05 | O77: =IF(J77+L77=0,"",J77/(J77+L77)) -> 0.5 | P77: =2*J77/(2*J77+L77+K77) -> 0.090909091 | Q77: =L77/(L77+M77) -> 0.05 | R77: 0 | T77: 0.05 | U77: 1 | V77: 1
A78: C01 | B78: FP32 | C78: early | D78: sign | E78: 16 | F78: 7 | G78: ALL | H78: 0.05 | I78: 200 | J78: 8 | K78: 192 | L78: 6 | M78: 194 | N78: =J78/(J78+K78) -> 0.04 | O78: =IF(J78+L78=0,"",J78/(J78+L78)) -> 0.57142857 | P78: =2*J78/(2*J78+L78+K78) -> 0.074766355 | Q78: =L78/(L78+M78) -> 0.03 | R78: 2 | S78: 0 | T78: 0.04040404 | U78: 0.88 | V78: 0.885
A79: C01 | B79: FP32 | C79: early | D79: sign | E79: 16 | F79: 8 | G79: airplane | H79: 0.05 | I79: 20 | J79: 0 | K79: 20 | L79: 2 | M79: 18 | N79: =J79/(J79+K79) -> 0 | O79: =IF(J79+L79=0,"",J79/(J79+L79)) -> 0 | P79: =2*J79/(2*J79+L79+K79) -> 0 | Q79: =L79/(L79+M79) -> 0.1 | R79: 2 | S79: 0 | T79: 0 | U79: 0.85 | V79: 0.75
A80: C01 | B80: FP32 | C80: early | D80: sign | E80: 16 | F80: 8 | G80: automobile | H80: 0.05 | I80: 20 | J80: 1 | K80: 19 | L80: 1 | M80: 19 | N80: =J80/(J80+K80) -> 0.05 | O80: =IF(J80+L80=0,"",J80/(J80+L80)) -> 0.5 | P80: =2*J80/(2*J80+L80+K80) -> 0.090909091 | Q80: =L80/(L80+M80) -> 0.05 | R80: 1 | S80: 1 | T80: 0 | U80: 1 | V80: 0.95
A81: C01 | B81: FP32 | C81: early | D81: sign | E81: 16 | F81: 8 | G81: bird | H81: 0.05 | I81: 20 | J81: 0 | K81: 20 | L81: 0 | M81: 20 | N81: =J81/(J81+K81) -> 0 | O81: =IF(J81+L81=0,"",J81/(J81+L81)) | P81: =2*J81/(2*J81+L81+K81) -> 0 | Q81: =L81/(L81+M81) -> 0 | R81: 0 | T81: 0 | U81: 0.9 | V81: 0.9
A82: C01 | B82: FP32 | C82: early | D82: sign | E82: 16 | F82: 8 | G82: cat | H82: 0.05 | I82: 20 | J82: 0 | K82: 20 | L82: 0 | M82: 20 | N82: =J82/(J82+K82) -> 0 | O82: =IF(J82+L82=0,"",J82/(J82+L82)) | P82: =2*J82/(2*J82+L82+K82) -> 0 | Q82: =L82/(L82+M82) -> 0 | R82: 4 | S82: 0 | T82: 0 | U82: 0.8 | V82: 0.8
A83: C01 | B83: FP32 | C83: early | D83: sign | E83: 16 | F83: 8 | G83: deer | H83: 0.05 | I83: 20 | J83: 0 | K83: 20 | L83: 1 | M83: 19 | N83: =J83/(J83+K83) -> 0 | O83: =IF(J83+L83=0,"",J83/(J83+L83)) -> 0 | P83: =2*J83/(2*J83+L83+K83) -> 0 | Q83: =L83/(L83+M83) -> 0.05 | R83: 2 | S83: 0 | T83: 0 | U83: 0.9 | V83: 0.9
A84: C01 | B84: FP32 | C84: early | D84: sign | E84: 16 | F84: 8 | G84: dog | H84: 0.05 | I84: 20 | J84: 0 | K84: 20 | L84: 0 | M84: 20 | N84: =J84/(J84+K84) -> 0 | O84: =IF(J84+L84=0,"",J84/(J84+L84)) | P84: =2*J84/(2*J84+L84+K84) -> 0 | Q84: =L84/(L84+M84) -> 0 | R84: 2 | S84: 0 | T84: 0 | U84: 0.65 | V84: 0.6
A85: C01 | B85: FP32 | C85: early | D85: sign | E85: 16 | F85: 8 | G85: frog | H85: 0.05 | I85: 20 | J85: 2 | K85: 18 | L85: 1 | M85: 19 | N85: =J85/(J85+K85) -> 0.1 | O85: =IF(J85+L85=0,"",J85/(J85+L85)) -> 0.66666667 | P85: =2*J85/(2*J85+L85+K85) -> 0.17391304 | Q85: =L85/(L85+M85) -> 0.05 | R85: 4 | S85: 0 | T85: 0.125 | U85: 0.85 | V85: 0.9
A86: C01 | B86: FP32 | C86: early | D86: sign | E86: 16 | F86: 8 | G86: horse | H86: 0.05 | I86: 20 | J86: 0 | K86: 20 | L86: 0 | M86: 20 | N86: =J86/(J86+K86) -> 0 | O86: =IF(J86+L86=0,"",J86/(J86+L86)) | P86: =2*J86/(2*J86+L86+K86) -> 0 | Q86: =L86/(L86+M86) -> 0 | R86: 0 | T86: 0 | U86: 0.9 | V86: 0.9
A87: C01 | B87: FP32 | C87: early | D87: sign | E87: 16 | F87: 8 | G87: ship | H87: 0.05 | I87: 20 | J87: 0 | K87: 20 | L87: 0 | M87: 20 | N87: =J87/(J87+K87) -> 0 | O87: =IF(J87+L87=0,"",J87/(J87+L87)) | P87: =2*J87/(2*J87+L87+K87) -> 0 | Q87: =L87/(L87+M87) -> 0 | R87: 0 | T87: 0 | U87: 0.95 | V87: 0.95
A88: C01 | B88: FP32 | C88: early | D88: sign | E88: 16 | F88: 8 | G88: truck | H88: 0.05 | I88: 20 | J88: 1 | K88: 19 | L88: 1 | M88: 19 | N88: =J88/(J88+K88) -> 0.05 | O88: =IF(J88+L88=0,"",J88/(J88+L88)) -> 0.5 | P88: =2*J88/(2*J88+L88+K88) -> 0.090909091 | Q88: =L88/(L88+M88) -> 0.05 | R88: 0 | T88: 0.05 | U88: 1 | V88: 1
A89: C01 | B89: FP32 | C89: early | D89: sign | E89: 16 | F89: 8 | G89: ALL | H89: 0.05 | I89: 200 | J89: 4 | K89: 196 | L89: 6 | M89: 194 | N89: =J89/(J89+K89) -> 0.02 | O89: =IF(J89+L89=0,"",J89/(J89+L89)) -> 0.4 | P89: =2*J89/(2*J89+L89+K89) -> 0.038095238 | Q89: =L89/(L89+M89) -> 0.03 | R89: 15 | S89: 0.066666667 | T89: 0.016216216 | U89: 0.88 | V89: 0.865
A90: C01 | B90: FP32 | C90: early | D90: sign | E90: 16 | F90: 9 | G90: airplane | H90: 0.05 | I90: 20 | J90: 2 | K90: 18 | L90: 2 | M90: 18 | N90: =J90/(J90+K90) -> 0.1 | O90: =IF(J90+L90=0,"",J90/(J90+L90)) -> 0.5 | P90: =2*J90/(2*J90+L90+K90) -> 0.16666667 | Q90: =L90/(L90+M90) -> 0.1 | R90: 2 | S90: 0.5 | T90: 0.055555556 | U90: 0.85 | V90: 0.95
A91: C01 | B91: FP32 | C91: early | D91: sign | E91: 16 | F91: 9 | G91: automobile | H91: 0.05 | I91: 20 | J91: 1 | K91: 19 | L91: 1 | M91: 19 | N91: =J91/(J91+K91) -> 0.05 | O91: =IF(J91+L91=0,"",J91/(J91+L91)) -> 0.5 | P91: =2*J91/(2*J91+L91+K91) -> 0.090909091 | Q91: =L91/(L91+M91) -> 0.05 | R91: 0 | T91: 0.05 | U91: 1 | V91: 1
A92: C01 | B92: FP32 | C92: early | D92: sign | E92: 16 | F92: 9 | G92: bird | H92: 0.05 | I92: 20 | J92: 0 | K92: 20 | L92: 0 | M92: 20 | N92: =J92/(J92+K92) -> 0 | O92: =IF(J92+L92=0,"",J92/(J92+L92)) | P92: =2*J92/(2*J92+L92+K92) -> 0 | Q92: =L92/(L92+M92) -> 0 | R92: 0 | T92: 0 | U92: 0.9 | V92: 0.9
A93: C01 | B93: FP32 | C93: early | D93: sign | E93: 16 | F93: 9 | G93: cat | H93: 0.05 | I93: 20 | J93: 0 | K93: 20 | L93: 0 | M93: 20 | N93: =J93/(J93+K93) -> 0 | O93: =IF(J93+L93=0,"",J93/(J93+L93)) | P93: =2*J93/(2*J93+L93+K93) -> 0 | Q93: =L93/(L93+M93) -> 0 | R93: 1 | S93: 0 | T93: 0 | U93: 0.8 | V93: 0.85
A94: C01 | B94: FP32 | C94: early | D94: sign | E94: 16 | F94: 9 | G94: deer | H94: 0.05 | I94: 20 | J94: 1 | K94: 19 | L94: 1 | M94: 19 | N94: =J94/(J94+K94) -> 0.05 | O94: =IF(J94+L94=0,"",J94/(J94+L94)) -> 0.5 | P94: =2*J94/(2*J94+L94+K94) -> 0.090909091 | Q94: =L94/(L94+M94) -> 0.05 | R94: 0 | T94: 0.05 | U94: 0.9 | V94: 0.9
A95: C01 | B95: FP32 | C95: early | D95: sign | E95: 16 | F95: 9 | G95: dog | H95: 0.05 | I95: 20 | J95: 0 | K95: 20 | L95: 0 | M95: 20 | N95: =J95/(J95+K95) -> 0 | O95: =IF(J95+L95=0,"",J95/(J95+L95)) | P95: =2*J95/(2*J95+L95+K95) -> 0 | Q95: =L95/(L95+M95) -> 0 | R95: 3 | S95: 0 | T95: 0 | U95: 0.65 | V95: 0.6
A96: C01 | B96: FP32 | C96: early | D96: sign | E96: 16 | F96: 9 | G96: frog | H96: 0.05 | I96: 20 | J96: 1 | K96: 19 | L96: 1 | M96: 19 | N96: =J96/(J96+K96) -> 0.05 | O96: =IF(J96+L96=0,"",J96/(J96+L96)) -> 0.5 | P96: =2*J96/(2*J96+L96+K96) -> 0.090909091 | Q96: =L96/(L96+M96) -> 0.05 | R96: 3 | S96: 0 | T96: 0.058823529 | U96: 0.85 | V96: 0.95
A97: C01 | B97: FP32 | C97: early | D97: sign | E97: 16 | F97: 9 | G97: horse | H97: 0.05 | I97: 20 | J97: 0 | K97: 20 | L97: 0 | M97: 20 | N97: =J97/(J97+K97) -> 0 | O97: =IF(J97+L97=0,"",J97/(J97+L97)) | P97: =2*J97/(2*J97+L97+K97) -> 0 | Q97: =L97/(L97+M97) -> 0 | R97: 2 | S97: 0 | T97: 0 | U97: 0.9 | V97: 0.95
A98: C01 | B98: FP32 | C98: early | D98: sign | E98: 16 | F98: 9 | G98: ship | H98: 0.05 | I98: 20 | J98: 0 | K98: 20 | L98: 0 | M98: 20 | N98: =J98/(J98+K98) -> 0 | O98: =IF(J98+L98=0,"",J98/(J98+L98)) | P98: =2*J98/(2*J98+L98+K98) -> 0 | Q98: =L98/(L98+M98) -> 0 | R98: 0 | T98: 0 | U98: 0.95 | V98: 0.95
A99: C01 | B99: FP32 | C99: early | D99: sign | E99: 16 | F99: 9 | G99: truck | H99: 0.05 | I99: 20 | J99: 1 | K99: 19 | L99: 1 | M99: 19 | N99: =J99/(J99+K99) -> 0.05 | O99: =IF(J99+L99=0,"",J99/(J99+L99)) -> 0.5 | P99: =2*J99/(2*J99+L99+K99) -> 0.090909091 | Q99: =L99/(L99+M99) -> 0.05 | R99: 0 | T99: 0.05 | U99: 1 | V99: 1
A100: C01 | B100: FP32 | C100: early | D100: sign | E100: 16 | F100: 9 | G100: ALL | H100: 0.05 | I100: 200 | J100: 6 | K100: 194 | L100: 6 | M100: 194 | N100: =J100/(J100+K100) -> 0.03 | O100: =IF(J100+L100=0,"",J100/(J100+L100)) -> 0.5 | P100: =2*J100/(2*J100+L100+K100) -> 0.056603774 | Q100: =L100/(L100+M100) -> 0.03 | R100: 11 | S100: 0.090909091 | T100: 0.026455026 | U100: 0.88 | V100: 0.905
...

Sheet Recall
A1: Config | B1: Format | C1: Where | D1: Which bit | E1: Flips | F1: Class | G1: Rep 1 | H1: Rep 2 | I1: Rep 3 | J1: Rep 4 | K1: Rep 5 | L1: Rep 6 | M1: Rep 7 | N1: Rep 8 | O1: Rep 9 | P1: Rep 10 | Q1: Mean | R1: SD | S1: N
A2: C01 | B2: FP32 | C2: early | D2: sign | E2: 16 | F2: airplane | G2: =Runs!N1102 -> 0 | H2: =Runs!N1113 -> 0 | I2: =Runs!N1124 -> 0 | J2: =Runs!N1135 -> 0 | K2: =Runs!N1146 -> 0 | L2: =Runs!N1157 -> 0 | M2: =Runs!N1168 -> 0 | N2: =Runs!N1179 -> 0 | O2: =Runs!N1190 -> 0 | P2: =Runs!N1201 -> 0 | Q2: =IF(COUNT(G2:P2)=0,"",AVERAGE(G2:P2)) -> 0 | R2: =IF(COUNT(G2:P2)<2,"",STDEV(G2:P2)) -> 0 | S2: =COUNT(G2:P2) -> 10
A3: C01 | B3: FP32 | C3: early | D3: sign | E3: 16 | F3: automobile | G3: =Runs!N1103 -> 0.05 | H3: =Runs!N1114 -> 0 | I3: =Runs!N1125 -> 0 | J3: =Runs!N1136 -> 0 | K3: =Runs!N1147 -> 0 | L3: =Runs!N1158 -> 0 | M3: =Runs!N1169 -> 0 | N3: =Runs!N1180 -> 0 | O3: =Runs!N1191 -> 0 | P3: =Runs!N1202 -> 0 | Q3: =IF(COUNT(G3:P3)=0,"",AVERAGE(G3:P3)) -> 0.005 | R3: =IF(COUNT(G3:P3)<2,"",STDEV(G3:P3)) -> 0.015811388 | S3: =COUNT(G3:P3) -> 10
A4: C01 | B4: FP32 | C4: early | D4: sign | E4: 16 | F4: bird | G4: =Runs!N1104 -> 0 | H4: =Runs!N1115 -> 0 | I4: =Runs!N1126 -> 0 | J4: =Runs!N1137 -> 0 | K4: =Runs!N1148 -> 0 | L4: =Runs!N1159 -> 0 | M4: =Runs!N1170 -> 0 | N4: =Runs!N1181 -> 0 | O4: =Runs!N1192 -> 0 | P4: =Runs!N1203 -> 0 | Q4: =IF(COUNT(G4:P4)=0,"",AVERAGE(G4:P4)) -> 0 | R4: =IF(COUNT(G4:P4)<2,"",STDEV(G4:P4)) -> 0 | S4: =COUNT(G4:P4) -> 10
A5: C01 | B5: FP32 | C5: early | D5: sign | E5: 16 | F5: cat | G5: =Runs!N1105 -> 0 | H5: =Runs!N1116 -> 0 | I5: =Runs!N1127 -> 0 | J5: =Runs!N1138 -> 0 | K5: =Runs!N1149 -> 0 | L5: =Runs!N1160 -> 0 | M5: =Runs!N1171 -> 0 | N5: =Runs!N1182 -> 0 | O5: =Runs!N1193 -> 0 | P5: =Runs!N1204 -> 0 | Q5: =IF(COUNT(G5:P5)=0,"",AVERAGE(G5:P5)) -> 0 | R5: =IF(COUNT(G5:P5)<2,"",STDEV(G5:P5)) -> 0 | S5: =COUNT(G5:P5) -> 10
A6: C01 | B6: FP32 | C6: early | D6: sign | E6: 16 | F6: deer | G6: =Runs!N1106 -> 0 | H6: =Runs!N1117 -> 0 | I6: =Runs!N1128 -> 0 | J6: =Runs!N1139 -> 0 | K6: =Runs!N1150 -> 0 | L6: =Runs!N1161 -> 0 | M6: =Runs!N1172 -> 0 | N6: =Runs!N1183 -> 0 | O6: =Runs!N1194 -> 0 | P6: =Runs!N1205 -> 0 | Q6: =IF(COUNT(G6:P6)=0,"",AVERAGE(G6:P6)) -> 0 | R6: =IF(COUNT(G6:P6)<2,"",STDEV(G6:P6)) -> 0 | S6: =COUNT(G6:P6) -> 10
A7: C01 | B7: FP32 | C7: early | D7: sign | E7: 16 | F7: dog | G7: =Runs!N1107 -> 0 | H7: =Runs!N1118 -> 0 | I7: =Runs!N1129 -> 0 | J7: =Runs!N1140 -> 0 | K7: =Runs!N1151 -> 0 | L7: =Runs!N1162 -> 0 | M7: =Runs!N1173 -> 0 | N7: =Runs!N1184 -> 0 | O7: =Runs!N1195 -> 0 | P7: =Runs!N1206 -> 0 | Q7: =IF(COUNT(G7:P7)=0,"",AVERAGE(G7:P7)) -> 0 | R7: =IF(COUNT(G7:P7)<2,"",STDEV(G7:P7)) -> 0 | S7: =COUNT(G7:P7) -> 10
A8: C01 | B8: FP32 | C8: early | D8: sign | E8: 16 | F8: frog | G8: =Runs!N1108 -> 0 | H8: =Runs!N1119 -> 0 | I8: =Runs!N1130 -> 0 | J8: =Runs!N1141 -> 0 | K8: =Runs!N1152 -> 0.05 | L8: =Runs!N1163 -> 0 | M8: =Runs!N1174 -> 0 | N8: =Runs!N1185 -> 0.05 | O8: =Runs!N1196 -> 0.05 | P8: =Runs!N1207 -> 0 | Q8: =IF(COUNT(G8:P8)=0,"",AVERAGE(G8:P8)) -> 0.015 | R8: =IF(COUNT(G8:P8)<2,"",STDEV(G8:P8)) -> 0.024152295 | S8: =COUNT(G8:P8) -> 10
A9: C01 | B9: FP32 | C9: early | D9: sign | E9: 16 | F9: horse | G9: =Runs!N1109 -> 0 | H9: =Runs!N1120 -> 0 | I9: =Runs!N1131 -> 0 | J9: =Runs!N1142 -> 0 | K9: =Runs!N1153 -> 0 | L9: =Runs!N1164 -> 0 | M9: =Runs!N1175 -> 0 | N9: =Runs!N1186 -> 0 | O9: =Runs!N1197 -> 0 | P9: =Runs!N1208 -> 0 | Q9: =IF(COUNT(G9:P9)=0,"",AVERAGE(G9:P9)) -> 0 | R9: =IF(COUNT(G9:P9)<2,"",STDEV(G9:P9)) -> 0 | S9: =COUNT(G9:P9) -> 10
A10: C01 | B10: FP32 | C10: early | D10: sign | E10: 16 | F10: ship | G10: =Runs!N1110 -> 0 | H10: =Runs!N1121 -> 0 | I10: =Runs!N1132 -> 0 | J10: =Runs!N1143 -> 0 | K10: =Runs!N1154 -> 0 | L10: =Runs!N1165 -> 0 | M10: =Runs!N1176 -> 0 | N10: =Runs!N1187 -> 0 | O10: =Runs!N1198 -> 0 | P10: =Runs!N1209 -> 0 | Q10: =IF(COUNT(G10:P10)=0,"",AVERAGE(G10:P10)) -> 0 | R10: =IF(COUNT(G10:P10)<2,"",STDEV(G10:P10)) -> 0 | S10: =COUNT(G10:P10) -> 10
A11: C01 | B11: FP32 | C11: early | D11: sign | E11: 16 | F11: truck | G11: =Runs!N1111 -> 0 | H11: =Runs!N1122 -> 0.05 | I11: =Runs!N1133 -> 0.05 | J11: =Runs!N1144 -> 0.05 | K11: =Runs!N1155 -> 0.05 | L11: =Runs!N1166 -> 0 | M11: =Runs!N1177 -> 0.05 | N11: =Runs!N1188 -> 0 | O11: =Runs!N1199 -> 0.05 | P11: =Runs!N1210 -> 0.05 | Q11: =IF(COUNT(G11:P11)=0,"",AVERAGE(G11:P11)) -> 0.035 | R11: =IF(COUNT(G11:P11)<2,"",STDEV(G11:P11)) -> 0.024152295 | S11: =COUNT(G11:P11) -> 10
A12: C01 | B12: FP32 | C12: early | D12: sign | E12: 16 | F12: ALL | G12: =Runs!N1112 -> 0.005 | H12: =Runs!N1123 -> 0.005 | I12: =Runs!N1134 -> 0.005 | J12: =Runs!N1145 -> 0.005 | K12: =Runs!N1156 -> 0.01 | L12: =Runs!N1167 -> 0 | M12: =Runs!N1178 -> 0.005 | N12: =Runs!N1189 -> 0.005 | O12: =Runs!N1200 -> 0.01 | P12: =Runs!N1211 -> 0.005 | Q12: =IF(COUNT(G12:P12)=0,"",AVERAGE(G12:P12)) -> 0.0055 | R12: =IF(COUNT(G12:P12)<2,"",STDEV(G12:P12)) -> 0.0028382311 | S12: =COUNT(G12:P12) -> 10
A13: C02 | B13: FP32 | C13: early | D13: exp_msb | E13: 1 | F13: airplane | G13: =Runs!N1212 -> 0 | H13: =Runs!N1223 -> 0 | I13: =Runs!N1234 -> 0 | J13: =Runs!N1245 -> 1 | K13: =Runs!N1256 -> 0 | L13: =Runs!N1267 -> 1 | M13: =Runs!N1278 -> 0 | N13: =Runs!N1289 -> 0 | O13: =Runs!N1300 -> 0 | P13: =Runs!N1311 -> 0 | Q13: =IF(COUNT(G13:P13)=0,"",AVERAGE(G13:P13)) -> 0.2 | R13: =IF(COUNT(G13:P13)<2,"",STDEV(G13:P13)) -> 0.42163702 | S13: =COUNT(G13:P13) -> 10
A14: C02 | B14: FP32 | C14: early | D14: exp_msb | E14: 1 | F14: automobile | G14: =Runs!N1213 -> 0 | H14: =Runs!N1224 -> 0 | I14: =Runs!N1235 -> 0 | J14: =Runs!N1246 -> 1 | K14: =Runs!N1257 -> 0 | L14: =Runs!N1268 -> 1 | M14: =Runs!N1279 -> 0 | N14: =Runs!N1290 -> 0 | O14: =Runs!N1301 -> 0 | P14: =Runs!N1312 -> 0 | Q14: =IF(COUNT(G14:P14)=0,"",AVERAGE(G14:P14)) -> 0.2 | R14: =IF(COUNT(G14:P14)<2,"",STDEV(G14:P14)) -> 0.42163702 | S14: =COUNT(G14:P14) -> 10
A15: C02 | B15: FP32 | C15: early | D15: exp_msb | E15: 1 | F15: bird | G15: =Runs!N1214 -> 0 | H15: =Runs!N1225 -> 0 | I15: =Runs!N1236 -> 0 | J15: =Runs!N1247 -> 1 | K15: =Runs!N1258 -> 0 | L15: =Runs!N1269 -> 1 | M15: =Runs!N1280 -> 0 | N15: =Runs!N1291 -> 0 | O15: =Runs!N1302 -> 0 | P15: =Runs!N1313 -> 0 | Q15: =IF(COUNT(G15:P15)=0,"",AVERAGE(G15:P15)) -> 0.2 | R15: =IF(COUNT(G15:P15)<2,"",STDEV(G15:P15)) -> 0.42163702 | S15: =COUNT(G15:P15) -> 10
A16: C02 | B16: FP32 | C16: early | D16: exp_msb | E16: 1 | F16: cat | G16: =Runs!N1215 -> 0 | H16: =Runs!N1226 -> 0 | I16: =Runs!N1237 -> 0 | J16: =Runs!N1248 -> 1 | K16: =Runs!N1259 -> 0 | L16: =Runs!N1270 -> 1 | M16: =Runs!N1281 -> 0 | N16: =Runs!N1292 -> 0 | O16: =Runs!N1303 -> 0 | P16: =Runs!N1314 -> 0 | Q16: =IF(COUNT(G16:P16)=0,"",AVERAGE(G16:P16)) -> 0.2 | R16: =IF(COUNT(G16:P16)<2,"",STDEV(G16:P16)) -> 0.42163702 | S16: =COUNT(G16:P16) -> 10
A17: C02 | B17: FP32 | C17: early | D17: exp_msb | E17: 1 | F17: deer | G17: =Runs!N1216 -> 0 | H17: =Runs!N1227 -> 0 | I17: =Runs!N1238 -> 0 | J17: =Runs!N1249 -> 1 | K17: =Runs!N1260 -> 0 | L17: =Runs!N1271 -> 1 | M17: =Runs!N1282 -> 0 | N17: =Runs!N1293 -> 0 | O17: =Runs!N1304 -> 0 | P17: =Runs!N1315 -> 0 | Q17: =IF(COUNT(G17:P17)=0,"",AVERAGE(G17:P17)) -> 0.2 | R17: =IF(COUNT(G17:P17)<2,"",STDEV(G17:P17)) -> 0.42163702 | S17: =COUNT(G17:P17) -> 10
A18: C02 | B18: FP32 | C18: early | D18: exp_msb | E18: 1 | F18: dog | G18: =Runs!N1217 -> 0 | H18: =Runs!N1228 -> 0 | I18: =Runs!N1239 -> 0 | J18: =Runs!N1250 -> 1 | K18: =Runs!N1261 -> 0 | L18: =Runs!N1272 -> 1 | M18: =Runs!N1283 -> 0 | N18: =Runs!N1294 -> 0 | O18: =Runs!N1305 -> 0 | P18: =Runs!N1316 -> 0 | Q18: =IF(COUNT(G18:P18)=0,"",AVERAGE(G18:P18)) -> 0.2 | R18: =IF(COUNT(G18:P18)<2,"",STDEV(G18:P18)) -> 0.42163702 | S18: =COUNT(G18:P18) -> 10
A19: C02 | B19: FP32 | C19: early | D19: exp_msb | E19: 1 | F19: frog | G19: =Runs!N1218 -> 0 | H19: =Runs!N1229 -> 0 | I19: =Runs!N1240 -> 0 | J19: =Runs!N1251 -> 1 | K19: =Runs!N1262 -> 0 | L19: =Runs!N1273 -> 1 | M19: =Runs!N1284 -> 0 | N19: =Runs!N1295 -> 0 | O19: =Runs!N1306 -> 0 | P19: =Runs!N1317 -> 0 | Q19: =IF(COUNT(G19:P19)=0,"",AVERAGE(G19:P19)) -> 0.2 | R19: =IF(COUNT(G19:P19)<2,"",STDEV(G19:P19)) -> 0.42163702 | S19: =COUNT(G19:P19) -> 10
A20: C02 | B20: FP32 | C20: early | D20: exp_msb | E20: 1 | F20: horse | G20: =Runs!N1219 -> 0 | H20: =Runs!N1230 -> 0 | I20: =Runs!N1241 -> 0 | J20: =Runs!N1252 -> 1 | K20: =Runs!N1263 -> 0 | L20: =Runs!N1274 -> 1 | M20: =Runs!N1285 -> 0 | N20: =Runs!N1296 -> 0 | O20: =Runs!N1307 -> 0 | P20: =Runs!N1318 -> 0 | Q20: =IF(COUNT(G20:P20)=0,"",AVERAGE(G20:P20)) -> 0.2 | R20: =IF(COUNT(G20:P20)<2,"",STDEV(G20:P20)) -> 0.42163702 | S20: =COUNT(G20:P20) -> 10
A21: C02 | B21: FP32 | C21: early | D21: exp_msb | E21: 1 | F21: ship | G21: =Runs!N1220 -> 0 | H21: =Runs!N1231 -> 0 | I21: =Runs!N1242 -> 0 | J21: =Runs!N1253 -> 1 | K21: =Runs!N1264 -> 0 | L21: =Runs!N1275 -> 1 | M21: =Runs!N1286 -> 0 | N21: =Runs!N1297 -> 0 | O21: =Runs!N1308 -> 0 | P21: =Runs!N1319 -> 0 | Q21: =IF(COUNT(G21:P21)=0,"",AVERAGE(G21:P21)) -> 0.2 | R21: =IF(COUNT(G21:P21)<2,"",STDEV(G21:P21)) -> 0.42163702 | S21: =COUNT(G21:P21) -> 10
A22: C02 | B22: FP32 | C22: early | D22: exp_msb | E22: 1 | F22: truck | G22: =Runs!N1221 -> 0.05 | H22: =Runs!N1232 -> 0.05 | I22: =Runs!N1243 -> 0.05 | J22: =Runs!N1254 -> 1 | K22: =Runs!N1265 -> 0.05 | L22: =Runs!N1276 -> 1 | M22: =Runs!N1287 -> 0.05 | N22: =Runs!N1298 -> 0.05 | O22: =Runs!N1309 -> 0.05 | P22: =Runs!N1320 -> 0.05 | Q22: =IF(COUNT(G22:P22)=0,"",AVERAGE(G22:P22)) -> 0.24 | R22: =IF(COUNT(G22:P22)<2,"",STDEV(G22:P22)) -> 0.40055517 | S22: =COUNT(G22:P22) -> 10
A23: C02 | B23: FP32 | C23: early | D23: exp_msb | E23: 1 | F23: ALL | G23: =Runs!N1222 -> 0.005 | H23: =Runs!N1233 -> 0.005 | I23: =Runs!N1244 -> 0.005 | J23: =Runs!N1255 -> 1 | K23: =Runs!N1266 -> 0.005 | L23: =Runs!N1277 -> 1 | M23: =Runs!N1288 -> 0.005 | N23: =Runs!N1299 -> 0.005 | O23: =Runs!N1310 -> 0.005 | P23: =Runs!N1321 -> 0.005 | Q23: =IF(COUNT(G23:P23)=0,"",AVERAGE(G23:P23)) -> 0.204 | R23: =IF(COUNT(G23:P23)<2,"",STDEV(G23:P23)) -> 0.41952884 | S23: =COUNT(G23:P23) -> 10
A24: C03 | B24: FP32 | C24: middle | D24: exp_msb | E24: 4 | F24: airplane | G24: =Runs!N1322 -> 1 | H24: =Runs!N1333 -> 0 | I24: =Runs!N1344 -> 1 | J24: =Runs!N1355 -> 0 | K24: =Runs!N1366 -> 0 | L24: =Runs!N1377 -> 0 | M24: =Runs!N1388 -> 1 | N24: =Runs!N1399 -> 1 | O24: =Runs!N1410 -> 1 | P24: =Runs!N1421 -> 0 | Q24: =IF(COUNT(G24:P24)=0,"",AVERAGE(G24:P24)) -> 0.5 | R24: =IF(COUNT(G24:P24)<2,"",STDEV(G24:P24)) -> 0.52704628 | S24: =COUNT(G24:P24) -> 10
A25: C03 | B25: FP32 | C25: middle | D25: exp_msb | E25: 4 | F25: automobile | G25: =Runs!N1323 -> 1 | H25: =Runs!N1334 -> 0 | I25: =Runs!N1345 -> 1 | J25: =Runs!N1356 -> 0 | K25: =Runs!N1367 -> 0 | L25: =Runs!N1378 -> 0 | M25: =Runs!N1389 -> 1 | N25: =Runs!N1400 -> 1 | O25: =Runs!N1411 -> 1 | P25: =Runs!N1422 -> 0 | Q25: =IF(COUNT(G25:P25)=0,"",AVERAGE(G25:P25)) -> 0.5 | R25: =IF(COUNT(G25:P25)<2,"",STDEV(G25:P25)) -> 0.52704628 | S25: =COUNT(G25:P25) -> 10
A26: C03 | B26: FP32 | C26: middle | D26: exp_msb | E26: 4 | F26: bird | G26: =Runs!N1324 -> 1 | H26: =Runs!N1335 -> 0 | I26: =Runs!N1346 -> 1 | J26: =Runs!N1357 -> 0 | K26: =Runs!N1368 -> 0 | L26: =Runs!N1379 -> 0 | M26: =Runs!N1390 -> 1 | N26: =Runs!N1401 -> 1 | O26: =Runs!N1412 -> 1 | P26: =Runs!N1423 -> 0 | Q26: =IF(COUNT(G26:P26)=0,"",AVERAGE(G26:P26)) -> 0.5 | R26: =IF(COUNT(G26:P26)<2,"",STDEV(G26:P26)) -> 0.52704628 | S26: =COUNT(G26:P26) -> 10
A27: C03 | B27: FP32 | C27: middle | D27: exp_msb | E27: 4 | F27: cat | G27: =Runs!N1325 -> 1 | H27: =Runs!N1336 -> 0 | I27: =Runs!N1347 -> 1 | J27: =Runs!N1358 -> 0 | K27: =Runs!N1369 -> 0 | L27: =Runs!N1380 -> 0 | M27: =Runs!N1391 -> 1 | N27: =Runs!N1402 -> 1 | O27: =Runs!N1413 -> 1 | P27: =Runs!N1424 -> 0 | Q27: =IF(COUNT(G27:P27)=0,"",AVERAGE(G27:P27)) -> 0.5 | R27: =IF(COUNT(G27:P27)<2,"",STDEV(G27:P27)) -> 0.52704628 | S27: =COUNT(G27:P27) -> 10
A28: C03 | B28: FP32 | C28: middle | D28: exp_msb | E28: 4 | F28: deer | G28: =Runs!N1326 -> 1 | H28: =Runs!N1337 -> 0 | I28: =Runs!N1348 -> 1 | J28: =Runs!N1359 -> 0 | K28: =Runs!N1370 -> 0 | L28: =Runs!N1381 -> 0 | M28: =Runs!N1392 -> 1 | N28: =Runs!N1403 -> 1 | O28: =Runs!N1414 -> 1 | P28: =Runs!N1425 -> 0 | Q28: =IF(COUNT(G28:P28)=0,"",AVERAGE(G28:P28)) -> 0.5 | R28: =IF(COUNT(G28:P28)<2,"",STDEV(G28:P28)) -> 0.52704628 | S28: =COUNT(G28:P28) -> 10
A29: C03 | B29: FP32 | C29: middle | D29: exp_msb | E29: 4 | F29: dog | G29: =Runs!N1327 -> 1 | H29: =Runs!N1338 -> 0 | I29: =Runs!N1349 -> 1 | J29: =Runs!N1360 -> 0 | K29: =Runs!N1371 -> 0 | L29: =Runs!N1382 -> 0 | M29: =Runs!N1393 -> 1 | N29: =Runs!N1404 -> 1 | O29: =Runs!N1415 -> 1 | P29: =Runs!N1426 -> 0 | Q29: =IF(COUNT(G29:P29)=0,"",AVERAGE(G29:P29)) -> 0.5 | R29: =IF(COUNT(G29:P29)<2,"",STDEV(G29:P29)) -> 0.52704628 | S29: =COUNT(G29:P29) -> 10
A30: C03 | B30: FP32 | C30: middle | D30: exp_msb | E30: 4 | F30: frog | G30: =Runs!N1328 -> 1 | H30: =Runs!N1339 -> 0 | I30: =Runs!N1350 -> 1 | J30: =Runs!N1361 -> 0 | K30: =Runs!N1372 -> 0 | L30: =Runs!N1383 -> 0 | M30: =Runs!N1394 -> 1 | N30: =Runs!N1405 -> 1 | O30: =Runs!N1416 -> 1 | P30: =Runs!N1427 -> 0 | Q30: =IF(COUNT(G30:P30)=0,"",AVERAGE(G30:P30)) -> 0.5 | R30: =IF(COUNT(G30:P30)<2,"",STDEV(G30:P30)) -> 0.52704628 | S30: =COUNT(G30:P30) -> 10
A31: C03 | B31: FP32 | C31: middle | D31: exp_msb | E31: 4 | F31: horse | G31: =Runs!N1329 -> 1 | H31: =Runs!N1340 -> 0 | I31: =Runs!N1351 -> 1 | J31: =Runs!N1362 -> 0 | K31: =Runs!N1373 -> 0 | L31: =Runs!N1384 -> 0 | M31: =Runs!N1395 -> 1 | N31: =Runs!N1406 -> 1 | O31: =Runs!N1417 -> 1 | P31: =Runs!N1428 -> 0 | Q31: =IF(COUNT(G31:P31)=0,"",AVERAGE(G31:P31)) -> 0.5 | R31: =IF(COUNT(G31:P31)<2,"",STDEV(G31:P31)) -> 0.52704628 | S31: =COUNT(G31:P31) -> 10
A32: C03 | B32: FP32 | C32: middle | D32: exp_msb | E32: 4 | F32: ship | G32: =Runs!N1330 -> 1 | H32: =Runs!N1341 -> 0 | I32: =Runs!N1352 -> 1 | J32: =Runs!N1363 -> 0 | K32: =Runs!N1374 -> 0 | L32: =Runs!N1385 -> 0 | M32: =Runs!N1396 -> 1 | N32: =Runs!N1407 -> 1 | O32: =Runs!N1418 -> 1 | P32: =Runs!N1429 -> 0 | Q32: =IF(COUNT(G32:P32)=0,"",AVERAGE(G32:P32)) -> 0.5 | R32: =IF(COUNT(G32:P32)<2,"",STDEV(G32:P32)) -> 0.52704628 | S32: =COUNT(G32:P32) -> 10
A33: C03 | B33: FP32 | C33: middle | D33: exp_msb | E33: 4 | F33: truck | G33: =Runs!N1331 -> 1 | H33: =Runs!N1342 -> 0.05 | I33: =Runs!N1353 -> 1 | J33: =Runs!N1364 -> 0.05 | K33: =Runs!N1375 -> 0.05 | L33: =Runs!N1386 -> 0.05 | M33: =Runs!N1397 -> 1 | N33: =Runs!N1408 -> 1 | O33: =Runs!N1419 -> 1 | P33: =Runs!N1430 -> 0.05 | Q33: =IF(COUNT(G33:P33)=0,"",AVERAGE(G33:P33)) -> 0.525 | R33: =IF(COUNT(G33:P33)<2,"",STDEV(G33:P33)) -> 0.50069396 | S33: =COUNT(G33:P33) -> 10
A34: C03 | B34: FP32 | C34: middle | D34: exp_msb | E34: 4 | F34: ALL | G34: =Runs!N1332 -> 1 | H34: =Runs!N1343 -> 0.005 | I34: =Runs!N1354 -> 1 | J34: =Runs!N1365 -> 0.005 | K34: =Runs!N1376 -> 0.005 | L34: =Runs!N1387 -> 0.005 | M34: =Runs!N1398 -> 1 | N34: =Runs!N1409 -> 1 | O34: =Runs!N1420 -> 1 | P34: =Runs!N1431 -> 0.005 | Q34: =IF(COUNT(G34:P34)=0,"",AVERAGE(G34:P34)) -> 0.5025 | R34: =IF(COUNT(G34:P34)<2,"",STDEV(G34:P34)) -> 0.52441105 | S34: =COUNT(G34:P34) -> 10
A35: C04 | B35: FP32 | C35: late | D35: exp_msb | E35: 1 | F35: airplane | G35: =Runs!N1432 -> 0 | H35: =Runs!N1443 -> 0 | I35: =Runs!N1454 -> 0 | J35: =Runs!N1465 -> 1 | K35: =Runs!N1476 -> 0 | L35: =Runs!N1487 -> 0 | M35: =Runs!N1498 -> 0 | N35: =Runs!N1509 -> 0 | O35: =Runs!N1520 -> 1 | P35: =Runs!N1531 -> 0 | Q35: =IF(COUNT(G35:P35)=0,"",AVERAGE(G35:P35)) -> 0.2 | R35: =IF(COUNT(G35:P35)<2,"",STDEV(G35:P35)) -> 0.42163702 | S35: =COUNT(G35:P35) -> 10
A36: C04 | B36: FP32 | C36: late | D36: exp_msb | E36: 1 | F36: automobile | G36: =Runs!N1433 -> 0 | H36: =Runs!N1444 -> 0 | I36: =Runs!N1455 -> 0 | J36: =Runs!N1466 -> 1 | K36: =Runs!N1477 -> 0 | L36: =Runs!N1488 -> 0 | M36: =Runs!N1499 -> 0 | N36: =Runs!N1510 -> 0 | O36: =Runs!N1521 -> 1 | P36: =Runs!N1532 -> 0 | Q36: =IF(COUNT(G36:P36)=0,"",AVERAGE(G36:P36)) -> 0.2 | R36: =IF(COUNT(G36:P36)<2,"",STDEV(G36:P36)) -> 0.42163702 | S36: =COUNT(G36:P36) -> 10
A37: C04 | B37: FP32 | C37: late | D37: exp_msb | E37: 1 | F37: bird | G37: =Runs!N1434 -> 0 | H37: =Runs!N1445 -> 0 | I37: =Runs!N1456 -> 0 | J37: =Runs!N1467 -> 1 | K37: =Runs!N1478 -> 0 | L37: =Runs!N1489 -> 0 | M37: =Runs!N1500 -> 0 | N37: =Runs!N1511 -> 0 | O37: =Runs!N1522 -> 1 | P37: =Runs!N1533 -> 0 | Q37: =IF(COUNT(G37:P37)=0,"",AVERAGE(G37:P37)) -> 0.2 | R37: =IF(COUNT(G37:P37)<2,"",STDEV(G37:P37)) -> 0.42163702 | S37: =COUNT(G37:P37) -> 10
A38: C04 | B38: FP32 | C38: late | D38: exp_msb | E38: 1 | F38: cat | G38: =Runs!N1435 -> 0 | H38: =Runs!N1446 -> 0 | I38: =Runs!N1457 -> 0 | J38: =Runs!N1468 -> 1 | K38: =Runs!N1479 -> 0 | L38: =Runs!N1490 -> 0 | M38: =Runs!N1501 -> 0 | N38: =Runs!N1512 -> 0 | O38: =Runs!N1523 -> 1 | P38: =Runs!N1534 -> 0 | Q38: =IF(COUNT(G38:P38)=0,"",AVERAGE(G38:P38)) -> 0.2 | R38: =IF(COUNT(G38:P38)<2,"",STDEV(G38:P38)) -> 0.42163702 | S38: =COUNT(G38:P38) -> 10
A39: C04 | B39: FP32 | C39: late | D39: exp_msb | E39: 1 | F39: deer | G39: =Runs!N1436 -> 0 | H39: =Runs!N1447 -> 0 | I39: =Runs!N1458 -> 0 | J39: =Runs!N1469 -> 1 | K39: =Runs!N1480 -> 0 | L39: =Runs!N1491 -> 0 | M39: =Runs!N1502 -> 0 | N39: =Runs!N1513 -> 0 | O39: =Runs!N1524 -> 0.9 | P39: =Runs!N1535 -> 0 | Q39: =IF(COUNT(G39:P39)=0,"",AVERAGE(G39:P39)) -> 0.19 | R39: =IF(COUNT(G39:P39)<2,"",STDEV(G39:P39)) -> 0.40124805 | S39: =COUNT(G39:P39) -> 10
A40: C04 | B40: FP32 | C40: late | D40: exp_msb | E40: 1 | F40: dog | G40: =Runs!N1437 -> 0 | H40: =Runs!N1448 -> 0 | I40: =Runs!N1459 -> 0 | J40: =Runs!N1470 -> 1 | K40: =Runs!N1481 -> 0 | L40: =Runs!N1492 -> 0 | M40: =Runs!N1503 -> 0 | N40: =Runs!N1514 -> 0 | O40: =Runs!N1525 -> 0.95 | P40: =Runs!N1536 -> 0 | Q40: =IF(COUNT(G40:P40)=0,"",AVERAGE(G40:P40)) -> 0.195 | R40: =IF(COUNT(G40:P40)<2,"",STDEV(G40:P40)) -> 0.41126499 | S40: =COUNT(G40:P40) -> 10
A41: C04 | B41: FP32 | C41: late | D41: exp_msb | E41: 1 | F41: frog | G41: =Runs!N1438 -> 0 | H41: =Runs!N1449 -> 0 | I41: =Runs!N1460 -> 0 | J41: =Runs!N1471 -> 1 | K41: =Runs!N1482 -> 0 | L41: =Runs!N1493 -> 0 | M41: =Runs!N1504 -> 0 | N41: =Runs!N1515 -> 0 | O41: =Runs!N1526 -> 0.9 | P41: =Runs!N1537 -> 0 | Q41: =IF(COUNT(G41:P41)=0,"",AVERAGE(G41:P41)) -> 0.19 | R41: =IF(COUNT(G41:P41)<2,"",STDEV(G41:P41)) -> 0.40124805 | S41: =COUNT(G41:P41) -> 10
A42: C04 | B42: FP32 | C42: late | D42: exp_msb | E42: 1 | F42: horse | G42: =Runs!N1439 -> 0 | H42: =Runs!N1450 -> 0 | I42: =Runs!N1461 -> 0 | J42: =Runs!N1472 -> 1 | K42: =Runs!N1483 -> 0 | L42: =Runs!N1494 -> 0 | M42: =Runs!N1505 -> 0 | N42: =Runs!N1516 -> 0 | O42: =Runs!N1527 -> 1 | P42: =Runs!N1538 -> 0 | Q42: =IF(COUNT(G42:P42)=0,"",AVERAGE(G42:P42)) -> 0.2 | R42: =IF(COUNT(G42:P42)<2,"",STDEV(G42:P42)) -> 0.42163702 | S42: =COUNT(G42:P42) -> 10
A43: C04 | B43: FP32 | C43: late | D43: exp_msb | E43: 1 | F43: ship | G43: =Runs!N1440 -> 0 | H43: =Runs!N1451 -> 0 | I43: =Runs!N1462 -> 0 | J43: =Runs!N1473 -> 1 | K43: =Runs!N1484 -> 0 | L43: =Runs!N1495 -> 0 | M43: =Runs!N1506 -> 0 | N43: =Runs!N1517 -> 0 | O43: =Runs!N1528 -> 0.9 | P43: =Runs!N1539 -> 0 | Q43: =IF(COUNT(G43:P43)=0,"",AVERAGE(G43:P43)) -> 0.19 | R43: =IF(COUNT(G43:P43)<2,"",STDEV(G43:P43)) -> 0.40124805 | S43: =COUNT(G43:P43) -> 10
A44: C04 | B44: FP32 | C44: late | D44: exp_msb | E44: 1 | F44: truck | G44: =Runs!N1441 -> 0.05 | H44: =Runs!N1452 -> 0.05 | I44: =Runs!N1463 -> 0.05 | J44: =Runs!N1474 -> 1 | K44: =Runs!N1485 -> 0.05 | L44: =Runs!N1496 -> 0.05 | M44: =Runs!N1507 -> 0.05 | N44: =Runs!N1518 -> 0.05 | O44: =Runs!N1529 -> 0.95 | P44: =Runs!N1540 -> 0.05 | Q44: =IF(COUNT(G44:P44)=0,"",AVERAGE(G44:P44)) -> 0.235 | R44: =IF(COUNT(G44:P44)<2,"",STDEV(G44:P44)) -> 0.39019226 | S44: =COUNT(G44:P44) -> 10
A45: C04 | B45: FP32 | C45: late | D45: exp_msb | E45: 1 | F45: ALL | G45: =Runs!N1442 -> 0.005 | H45: =Runs!N1453 -> 0.005 | I45: =Runs!N1464 -> 0.005 | J45: =Runs!N1475 -> 1 | K45: =Runs!N1486 -> 0.005 | L45: =Runs!N1497 -> 0.005 | M45: =Runs!N1508 -> 0.005 | N45: =Runs!N1519 -> 0.005 | O45: =Runs!N1530 -> 0.96 | P45: =Runs!N1541 -> 0.005 | Q45: =IF(COUNT(G45:P45)=0,"",AVERAGE(G45:P45)) -> 0.2 | R45: =IF(COUNT(G45:P45)<2,"",STDEV(G45:P45)) -> 0.41120419 | S45: =COUNT(G45:P45) -> 10
A46: C05 | B46: FP32 | C46: late | D46: exp_low | E46: 16 | F46: airplane | G46: =Runs!N1542 -> 0 | H46: =Runs!N1553 -> 0 | I46: =Runs!N1564 -> 0 | J46: =Runs!N1575 -> 0 | K46: =Runs!N1586 -> 0 | L46: =Runs!N1597 -> 0 | M46: =Runs!N1608 -> 0 | N46: =Runs!N1619 -> 0 | O46: =Runs!N1630 -> 0 | P46: =Runs!N1641 -> 0 | Q46: =IF(COUNT(G46:P46)=0,"",AVERAGE(G46:P46)) -> 0 | R46: =IF(COUNT(G46:P46)<2,"",STDEV(G46:P46)) -> 0 | S46: =COUNT(G46:P46) -> 10
A47: C05 | B47: FP32 | C47: late | D47: exp_low | E47: 16 | F47: automobile | G47: =Runs!N1543 -> 0 | H47: =Runs!N1554 -> 0 | I47: =Runs!N1565 -> 0 | J47: =Runs!N1576 -> 0 | K47: =Runs!N1587 -> 0.5 | L47: =Runs!N1598 -> 0 | M47: =Runs!N1609 -> 0 | N47: =Runs!N1620 -> 0 | O47: =Runs!N1631 -> 0 | P47: =Runs!N1642 -> 0 | Q47: =IF(COUNT(G47:P47)=0,"",AVERAGE(G47:P47)) -> 0.05 | R47: =IF(COUNT(G47:P47)<2,"",STDEV(G47:P47)) -> 0.15811388 | S47: =COUNT(G47:P47) -> 10
A48: C05 | B48: FP32 | C48: late | D48: exp_low | E48: 16 | F48: bird | G48: =Runs!N1544 -> 0 | H48: =Runs!N1555 -> 0 | I48: =Runs!N1566 -> 0 | J48: =Runs!N1577 -> 0 | K48: =Runs!N1588 -> 0 | L48: =Runs!N1599 -> 0 | M48: =Runs!N1610 -> 0 | N48: =Runs!N1621 -> 0.05 | O48: =Runs!N1632 -> 0 | P48: =Runs!N1643 -> 0 | Q48: =IF(COUNT(G48:P48)=0,"",AVERAGE(G48:P48)) -> 0.005 | R48: =IF(COUNT(G48:P48)<2,"",STDEV(G48:P48)) -> 0.015811388 | S48: =COUNT(G48:P48) -> 10
A49: C05 | B49: FP32 | C49: late | D49: exp_low | E49: 16 | F49: cat | G49: =Runs!N1545 -> 0 | H49: =Runs!N1556 -> 0 | I49: =Runs!N1567 -> 0 | J49: =Runs!N1578 -> 0 | K49: =Runs!N1589 -> 0 | L49: =Runs!N1600 -> 0 | M49: =Runs!N1611 -> 0.3 | N49: =Runs!N1622 -> 0 | O49: =Runs!N1633 -> 0 | P49: =Runs!N1644 -> 0 | Q49: =IF(COUNT(G49:P49)=0,"",AVERAGE(G49:P49)) -> 0.03 | R49: =IF(COUNT(G49:P49)<2,"",STDEV(G49:P49)) -> 0.09486833 | S49: =COUNT(G49:P49) -> 10
A50: C05 | B50: FP32 | C50: late | D50: exp_low | E50: 16 | F50: deer | G50: =Runs!N1546 -> 0 | H50: =Runs!N1557 -> 0 | I50: =Runs!N1568 -> 0 | J50: =Runs!N1579 -> 0 | K50: =Runs!N1590 -> 0 | L50: =Runs!N1601 -> 0 | M50: =Runs!N1612 -> 0 | N50: =Runs!N1623 -> 0 | O50: =Runs!N1634 -> 0.05 | P50: =Runs!N1645 -> 0 | Q50: =IF(COUNT(G50:P50)=0,"",AVERAGE(G50:P50)) -> 0.005 | R50: =IF(COUNT(G50:P50)<2,"",STDEV(G50:P50)) -> 0.015811388 | S50: =COUNT(G50:P50) -> 10
A51: C05 | B51: FP32 | C51: late | D51: exp_low | E51: 16 | F51: dog | G51: =Runs!N1547 -> 0 | H51: =Runs!N1558 -> 0 | I51: =Runs!N1569 -> 0 | J51: =Runs!N1580 -> 0 | K51: =Runs!N1591 -> 0 | L51: =Runs!N1602 -> 0 | M51: =Runs!N1613 -> 0.15 | N51: =Runs!N1624 -> 0 | O51: =Runs!N1635 -> 0 | P51: =Runs!N1646 -> 0 | Q51: =IF(COUNT(G51:P51)=0,"",AVERAGE(G51:P51)) -> 0.015 | R51: =IF(COUNT(G51:P51)<2,"",STDEV(G51:P51)) -> 0.047434165 | S51: =COUNT(G51:P51) -> 10
A52: C05 | B52: FP32 | C52: late | D52: exp_low | E52: 16 | F52: frog | G52: =Runs!N1548 -> 0 | H52: =Runs!N1559 -> 0 | I52: =Runs!N1570 -> 0 | J52: =Runs!N1581 -> 0 | K52: =Runs!N1592 -> 0 | L52: =Runs!N1603 -> 0 | M52: =Runs!N1614 -> 0.05 | N52: =Runs!N1625 -> 0.05 | O52: =Runs!N1636 -> 0 | P52: =Runs!N1647 -> 0 | Q52: =IF(COUNT(G52:P52)=0,"",AVERAGE(G52:P52)) -> 0.01 | R52: =IF(COUNT(G52:P52)<2,"",STDEV(G52:P52)) -> 0.021081851 | S52: =COUNT(G52:P52) -> 10
A53: C05 | B53: FP32 | C53: late | D53: exp_low | E53: 16 | F53: horse | G53: =Runs!N1549 -> 0 | H53: =Runs!N1560 -> 0 | I53: =Runs!N1571 -> 0 | J53: =Runs!N1582 -> 0 | K53: =Runs!N1593 -> 0 | L53: =Runs!N1604 -> 0 | M53: =Runs!N1615 -> 0 | N53: =Runs!N1626 -> 0 | O53: =Runs!N1637 -> 0 | P53: =Runs!N1648 -> 0 | Q53: =IF(COUNT(G53:P53)=0,"",AVERAGE(G53:P53)) -> 0 | R53: =IF(COUNT(G53:P53)<2,"",STDEV(G53:P53)) -> 0 | S53: =COUNT(G53:P53) -> 10
A54: C05 | B54: FP32 | C54: late | D54: exp_low | E54: 16 | F54: ship | G54: =Runs!N1550 -> 0 | H54: =Runs!N1561 -> 0 | I54: =Runs!N1572 -> 0 | J54: =Runs!N1583 -> 0 | K54: =Runs!N1594 -> 0.05 | L54: =Runs!N1605 -> 0 | M54: =Runs!N1616 -> 0 | N54: =Runs!N1627 -> 0 | O54: =Runs!N1638 -> 0 | P54: =Runs!N1649 -> 0 | Q54: =IF(COUNT(G54:P54)=0,"",AVERAGE(G54:P54)) -> 0.005 | R54: =IF(COUNT(G54:P54)<2,"",STDEV(G54:P54)) -> 0.015811388 | S54: =COUNT(G54:P54) -> 10
A55: C05 | B55: FP32 | C55: late | D55: exp_low | E55: 16 | F55: truck | G55: =Runs!N1551 -> 0.05 | H55: =Runs!N1562 -> 0.05 | I55: =Runs!N1573 -> 0.05 | J55: =Runs!N1584 -> 0.05 | K55: =Runs!N1595 -> 0.1 | L55: =Runs!N1606 -> 0.05 | M55: =Runs!N1617 -> 0.05 | N55: =Runs!N1628 -> 0 | O55: =Runs!N1639 -> 0.05 | P55: =Runs!N1650 -> 0.05 | Q55: =IF(COUNT(G55:P55)=0,"",AVERAGE(G55:P55)) -> 0.05 | R55: =IF(COUNT(G55:P55)<2,"",STDEV(G55:P55)) -> 0.023570226 | S55: =COUNT(G55:P55) -> 10
A56: C05 | B56: FP32 | C56: late | D56: exp_low | E56: 16 | F56: ALL | G56: =Runs!N1552 -> 0.005 | H56: =Runs!N1563 -> 0.005 | I56: =Runs!N1574 -> 0.005 | J56: =Runs!N1585 -> 0.005 | K56: =Runs!N1596 -> 0.065 | L56: =Runs!N1607 -> 0.005 | M56: =Runs!N1618 -> 0.055 | N56: =Runs!N1629 -> 0.01 | O56: =Runs!N1640 -> 0.01 | P56: =Runs!N1651 -> 0.005 | Q56: =IF(COUNT(G56:P56)=0,"",AVERAGE(G56:P56)) -> 0.017 | R56: =IF(COUNT(G56:P56)<2,"",STDEV(G56:P56)) -> 0.02287648 | S56: =COUNT(G56:P56) -> 10
A57: C06 | B57: FP32 | C57: middle | D57: mant_high | E57: 16 | F57: airplane | G57: =Runs!N1652 -> 0 | H57: =Runs!N1663 -> 0 | I57: =Runs!N1674 -> 0 | J57: =Runs!N1685 -> 0 | K57: =Runs!N1696 -> 0 | L57: =Runs!N1707 -> 0 | M57: =Runs!N1718 -> 0 | N57: =Runs!N1729 -> 0 | O57: =Runs!N1740 -> 0 | P57: =Runs!N1751 -> 0 | Q57: =IF(COUNT(G57:P57)=0,"",AVERAGE(G57:P57)) -> 0 | R57: =IF(COUNT(G57:P57)<2,"",STDEV(G57:P57)) -> 0 | S57: =COUNT(G57:P57) -> 10
A58: C06 | B58: FP32 | C58: middle | D58: mant_high | E58: 16 | F58: automobile | G58: =Runs!N1653 -> 0 | H58: =Runs!N1664 -> 0 | I58: =Runs!N1675 -> 0 | J58: =Runs!N1686 -> 0 | K58: =Runs!N1697 -> 0 | L58: =Runs!N1708 -> 0 | M58: =Runs!N1719 -> 0 | N58: =Runs!N1730 -> 0 | O58: =Runs!N1741 -> 0 | P58: =Runs!N1752 -> 0 | Q58: =IF(COUNT(G58:P58)=0,"",AVERAGE(G58:P58)) -> 0 | R58: =IF(COUNT(G58:P58)<2,"",STDEV(G58:P58)) -> 0 | S58: =COUNT(G58:P58) -> 10
A59: C06 | B59: FP32 | C59: middle | D59: mant_high | E59: 16 | F59: bird | G59: =Runs!N1654 -> 0 | H59: =Runs!N1665 -> 0 | I59: =Runs!N1676 -> 0 | J59: =Runs!N1687 -> 0 | K59: =Runs!N1698 -> 0 | L59: =Runs!N1709 -> 0 | M59: =Runs!N1720 -> 0 | N59: =Runs!N1731 -> 0 | O59: =Runs!N1742 -> 0 | P59: =Runs!N1753 -> 0 | Q59: =IF(COUNT(G59:P59)=0,"",AVERAGE(G59:P59)) -> 0 | R59: =IF(COUNT(G59:P59)<2,"",STDEV(G59:P59)) -> 0 | S59: =COUNT(G59:P59) -> 10
A60: C06 | B60: FP32 | C60: middle | D60: mant_high | E60: 16 | F60: cat | G60: =Runs!N1655 -> 0 | H60: =Runs!N1666 -> 0 | I60: =Runs!N1677 -> 0 | J60: =Runs!N1688 -> 0 | K60: =Runs!N1699 -> 0 | L60: =Runs!N1710 -> 0 | M60: =Runs!N1721 -> 0 | N60: =Runs!N1732 -> 0 | O60: =Runs!N1743 -> 0 | P60: =Runs!N1754 -> 0 | Q60: =IF(COUNT(G60:P60)=0,"",AVERAGE(G60:P60)) -> 0 | R60: =IF(COUNT(G60:P60)<2,"",STDEV(G60:P60)) -> 0 | S60: =COUNT(G60:P60) -> 10
A61: C06 | B61: FP32 | C61: middle | D61: mant_high | E61: 16 | F61: deer | G61: =Runs!N1656 -> 0 | H61: =Runs!N1667 -> 0 | I61: =Runs!N1678 -> 0 | J61: =Runs!N1689 -> 0 | K61: =Runs!N1700 -> 0 | L61: =Runs!N1711 -> 0 | M61: =Runs!N1722 -> 0 | N61: =Runs!N1733 -> 0 | O61: =Runs!N1744 -> 0 | P61: =Runs!N1755 -> 0 | Q61: =IF(COUNT(G61:P61)=0,"",AVERAGE(G61:P61)) -> 0 | R61: =IF(COUNT(G61:P61)<2,"",STDEV(G61:P61)) -> 0 | S61: =COUNT(G61:P61) -> 10
A62: C06 | B62: FP32 | C62: middle | D62: mant_high | E62: 16 | F62: dog | G62: =Runs!N1657 -> 0 | H62: =Runs!N1668 -> 0 | I62: =Runs!N1679 -> 0 | J62: =Runs!N1690 -> 0 | K62: =Runs!N1701 -> 0 | L62: =Runs!N1712 -> 0 | M62: =Runs!N1723 -> 0 | N62: =Runs!N1734 -> 0 | O62: =Runs!N1745 -> 0 | P62: =Runs!N1756 -> 0 | Q62: =IF(COUNT(G62:P62)=0,"",AVERAGE(G62:P62)) -> 0 | R62: =IF(COUNT(G62:P62)<2,"",STDEV(G62:P62)) -> 0 | S62: =COUNT(G62:P62) -> 10
A63: C06 | B63: FP32 | C63: middle | D63: mant_high | E63: 16 | F63: frog | G63: =Runs!N1658 -> 0 | H63: =Runs!N1669 -> 0 | I63: =Runs!N1680 -> 0 | J63: =Runs!N1691 -> 0 | K63: =Runs!N1702 -> 0 | L63: =Runs!N1713 -> 0 | M63: =Runs!N1724 -> 0 | N63: =Runs!N1735 -> 0 | O63: =Runs!N1746 -> 0 | P63: =Runs!N1757 -> 0 | Q63: =IF(COUNT(G63:P63)=0,"",AVERAGE(G63:P63)) -> 0 | R63: =IF(COUNT(G63:P63)<2,"",STDEV(G63:P63)) -> 0 | S63: =COUNT(G63:P63) -> 10
A64: C06 | B64: FP32 | C64: middle | D64: mant_high | E64: 16 | F64: horse | G64: =Runs!N1659 -> 0 | H64: =Runs!N1670 -> 0 | I64: =Runs!N1681 -> 0 | J64: =Runs!N1692 -> 0 | K64: =Runs!N1703 -> 0 | L64: =Runs!N1714 -> 0 | M64: =Runs!N1725 -> 0 | N64: =Runs!N1736 -> 0 | O64: =Runs!N1747 -> 0 | P64: =Runs!N1758 -> 0 | Q64: =IF(COUNT(G64:P64)=0,"",AVERAGE(G64:P64)) -> 0 | R64: =IF(COUNT(G64:P64)<2,"",STDEV(G64:P64)) -> 0 | S64: =COUNT(G64:P64) -> 10
A65: C06 | B65: FP32 | C65: middle | D65: mant_high | E65: 16 | F65: ship | G65: =Runs!N1660 -> 0 | H65: =Runs!N1671 -> 0 | I65: =Runs!N1682 -> 0 | J65: =Runs!N1693 -> 0 | K65: =Runs!N1704 -> 0 | L65: =Runs!N1715 -> 0 | M65: =Runs!N1726 -> 0 | N65: =Runs!N1737 -> 0 | O65: =Runs!N1748 -> 0 | P65: =Runs!N1759 -> 0 | Q65: =IF(COUNT(G65:P65)=0,"",AVERAGE(G65:P65)) -> 0 | R65: =IF(COUNT(G65:P65)<2,"",STDEV(G65:P65)) -> 0 | S65: =COUNT(G65:P65) -> 10
A66: C06 | B66: FP32 | C66: middle | D66: mant_high | E66: 16 | F66: truck | G66: =Runs!N1661 -> 0.05 | H66: =Runs!N1672 -> 0.05 | I66: =Runs!N1683 -> 0.05 | J66: =Runs!N1694 -> 0.05 | K66: =Runs!N1705 -> 0.05 | L66: =Runs!N1716 -> 0.05 | M66: =Runs!N1727 -> 0.05 | N66: =Runs!N1738 -> 0.05 | O66: =Runs!N1749 -> 0.05 | P66: =Runs!N1760 -> 0.05 | Q66: =IF(COUNT(G66:P66)=0,"",AVERAGE(G66:P66)) -> 0.05 | R66: =IF(COUNT(G66:P66)<2,"",STDEV(G66:P66)) -> 0 | S66: =COUNT(G66:P66) -> 10
A67: C06 | B67: FP32 | C67: middle | D67: mant_high | E67: 16 | F67: ALL | G67: =Runs!N1662 -> 0.005 | H67: =Runs!N1673 -> 0.005 | I67: =Runs!N1684 -> 0.005 | J67: =Runs!N1695 -> 0.005 | K67: =Runs!N1706 -> 0.005 | L67: =Runs!N1717 -> 0.005 | M67: =Runs!N1728 -> 0.005 | N67: =Runs!N1739 -> 0.005 | O67: =Runs!N1750 -> 0.005 | P67: =Runs!N1761 -> 0.005 | Q67: =IF(COUNT(G67:P67)=0,"",AVERAGE(G67:P67)) -> 0.005 | R67: =IF(COUNT(G67:P67)<2,"",STDEV(G67:P67)) -> 0 | S67: =COUNT(G67:P67) -> 10
A68: C07 | B68: FP32 | C68: late | D68: mant_low | E68: 16 | F68: airplane | G68: =Runs!N1762 -> 0 | H68: =Runs!N1773 -> 0 | I68: =Runs!N1784 -> 0 | J68: =Runs!N1795 -> 0 | K68: =Runs!N1806 -> 0 | L68: =Runs!N1817 -> 0 | M68: =Runs!N1828 -> 0 | N68: =Runs!N1839 -> 0 | O68: =Runs!N1850 -> 0 | P68: =Runs!N1861 -> 0 | Q68: =IF(COUNT(G68:P68)=0,"",AVERAGE(G68:P68)) -> 0 | R68: =IF(COUNT(G68:P68)<2,"",STDEV(G68:P68)) -> 0 | S68: =COUNT(G68:P68) -> 10
A69: C07 | B69: FP32 | C69: late | D69: mant_low | E69: 16 | F69: automobile | G69: =Runs!N1763 -> 0 | H69: =Runs!N1774 -> 0 | I69: =Runs!N1785 -> 0 | J69: =Runs!N1796 -> 0 | K69: =Runs!N1807 -> 0 | L69: =Runs!N1818 -> 0 | M69: =Runs!N1829 -> 0 | N69: =Runs!N1840 -> 0 | O69: =Runs!N1851 -> 0 | P69: =Runs!N1862 -> 0 | Q69: =IF(COUNT(G69:P69)=0,"",AVERAGE(G69:P69)) -> 0 | R69: =IF(COUNT(G69:P69)<2,"",STDEV(G69:P69)) -> 0 | S69: =COUNT(G69:P69) -> 10
A70: C07 | B70: FP32 | C70: late | D70: mant_low | E70: 16 | F70: bird | G70: =Runs!N1764 -> 0 | H70: =Runs!N1775 -> 0 | I70: =Runs!N1786 -> 0 | J70: =Runs!N1797 -> 0 | K70: =Runs!N1808 -> 0 | L70: =Runs!N1819 -> 0 | M70: =Runs!N1830 -> 0 | N70: =Runs!N1841 -> 0 | O70: =Runs!N1852 -> 0 | P70: =Runs!N1863 -> 0 | Q70: =IF(COUNT(G70:P70)=0,"",AVERAGE(G70:P70)) -> 0 | R70: =IF(COUNT(G70:P70)<2,"",STDEV(G70:P70)) -> 0 | S70: =COUNT(G70:P70) -> 10
A71: C07 | B71: FP32 | C71: late | D71: mant_low | E71: 16 | F71: cat | G71: =Runs!N1765 -> 0 | H71: =Runs!N1776 -> 0 | I71: =Runs!N1787 -> 0 | J71: =Runs!N1798 -> 0 | K71: =Runs!N1809 -> 0 | L71: =Runs!N1820 -> 0 | M71: =Runs!N1831 -> 0 | N71: =Runs!N1842 -> 0 | O71: =Runs!N1853 -> 0 | P71: =Runs!N1864 -> 0 | Q71: =IF(COUNT(G71:P71)=0,"",AVERAGE(G71:P71)) -> 0 | R71: =IF(COUNT(G71:P71)<2,"",STDEV(G71:P71)) -> 0 | S71: =COUNT(G71:P71) -> 10
A72: C07 | B72: FP32 | C72: late | D72: mant_low | E72: 16 | F72: deer | G72: =Runs!N1766 -> 0 | H72: =Runs!N1777 -> 0 | I72: =Runs!N1788 -> 0 | J72: =Runs!N1799 -> 0 | K72: =Runs!N1810 -> 0 | L72: =Runs!N1821 -> 0 | M72: =Runs!N1832 -> 0 | N72: =Runs!N1843 -> 0 | O72: =Runs!N1854 -> 0 | P72: =Runs!N1865 -> 0 | Q72: =IF(COUNT(G72:P72)=0,"",AVERAGE(G72:P72)) -> 0 | R72: =IF(COUNT(G72:P72)<2,"",STDEV(G72:P72)) -> 0 | S72: =COUNT(G72:P72) -> 10
A73: C07 | B73: FP32 | C73: late | D73: mant_low | E73: 16 | F73: dog | G73: =Runs!N1767 -> 0 | H73: =Runs!N1778 -> 0 | I73: =Runs!N1789 -> 0 | J73: =Runs!N1800 -> 0 | K73: =Runs!N1811 -> 0 | L73: =Runs!N1822 -> 0 | M73: =Runs!N1833 -> 0 | N73: =Runs!N1844 -> 0 | O73: =Runs!N1855 -> 0 | P73: =Runs!N1866 -> 0 | Q73: =IF(COUNT(G73:P73)=0,"",AVERAGE(G73:P73)) -> 0 | R73: =IF(COUNT(G73:P73)<2,"",STDEV(G73:P73)) -> 0 | S73: =COUNT(G73:P73) -> 10
A74: C07 | B74: FP32 | C74: late | D74: mant_low | E74: 16 | F74: frog | G74: =Runs!N1768 -> 0 | H74: =Runs!N1779 -> 0 | I74: =Runs!N1790 -> 0 | J74: =Runs!N1801 -> 0 | K74: =Runs!N1812 -> 0 | L74: =Runs!N1823 -> 0 | M74: =Runs!N1834 -> 0 | N74: =Runs!N1845 -> 0 | O74: =Runs!N1856 -> 0 | P74: =Runs!N1867 -> 0 | Q74: =IF(COUNT(G74:P74)=0,"",AVERAGE(G74:P74)) -> 0 | R74: =IF(COUNT(G74:P74)<2,"",STDEV(G74:P74)) -> 0 | S74: =COUNT(G74:P74) -> 10
A75: C07 | B75: FP32 | C75: late | D75: mant_low | E75: 16 | F75: horse | G75: =Runs!N1769 -> 0 | H75: =Runs!N1780 -> 0 | I75: =Runs!N1791 -> 0 | J75: =Runs!N1802 -> 0 | K75: =Runs!N1813 -> 0 | L75: =Runs!N1824 -> 0 | M75: =Runs!N1835 -> 0 | N75: =Runs!N1846 -> 0 | O75: =Runs!N1857 -> 0 | P75: =Runs!N1868 -> 0 | Q75: =IF(COUNT(G75:P75)=0,"",AVERAGE(G75:P75)) -> 0 | R75: =IF(COUNT(G75:P75)<2,"",STDEV(G75:P75)) -> 0 | S75: =COUNT(G75:P75) -> 10
A76: C07 | B76: FP32 | C76: late | D76: mant_low | E76: 16 | F76: ship | G76: =Runs!N1770 -> 0 | H76: =Runs!N1781 -> 0 | I76: =Runs!N1792 -> 0 | J76: =Runs!N1803 -> 0 | K76: =Runs!N1814 -> 0 | L76: =Runs!N1825 -> 0 | M76: =Runs!N1836 -> 0 | N76: =Runs!N1847 -> 0 | O76: =Runs!N1858 -> 0 | P76: =Runs!N1869 -> 0 | Q76: =IF(COUNT(G76:P76)=0,"",AVERAGE(G76:P76)) -> 0 | R76: =IF(COUNT(G76:P76)<2,"",STDEV(G76:P76)) -> 0 | S76: =COUNT(G76:P76) -> 10
A77: C07 | B77: FP32 | C77: late | D77: mant_low | E77: 16 | F77: truck | G77: =Runs!N1771 -> 0.05 | H77: =Runs!N1782 -> 0.05 | I77: =Runs!N1793 -> 0.05 | J77: =Runs!N1804 -> 0.05 | K77: =Runs!N1815 -> 0.05 | L77: =Runs!N1826 -> 0.05 | M77: =Runs!N1837 -> 0.05 | N77: =Runs!N1848 -> 0.05 | O77: =Runs!N1859 -> 0.05 | P77: =Runs!N1870 -> 0.05 | Q77: =IF(COUNT(G77:P77)=0,"",AVERAGE(G77:P77)) -> 0.05 | R77: =IF(COUNT(G77:P77)<2,"",STDEV(G77:P77)) -> 0 | S77: =COUNT(G77:P77) -> 10
A78: C07 | B78: FP32 | C78: late | D78: mant_low | E78: 16 | F78: ALL | G78: =Runs!N1772 -> 0.005 | H78: =Runs!N1783 -> 0.005 | I78: =Runs!N1794 -> 0.005 | J78: =Runs!N1805 -> 0.005 | K78: =Runs!N1816 -> 0.005 | L78: =Runs!N1827 -> 0.005 | M78: =Runs!N1838 -> 0.005 | N78: =Runs!N1849 -> 0.005 | O78: =Runs!N1860 -> 0.005 | P78: =Runs!N1871 -> 0.005 | Q78: =IF(COUNT(G78:P78)=0,"",AVERAGE(G78:P78)) -> 0.005 | R78: =IF(COUNT(G78:P78)<2,"",STDEV(G78:P78)) -> 0 | S78: =COUNT(G78:P78) -> 10
A79: C08 | B79: INT8 | C79: early | D79: sign | E79: 4 | F79: airplane | G79: =Runs!N1872 -> 0 | H79: =Runs!N1883 -> 0 | I79: =Runs!N1894 -> 0 | J79: =Runs!N1905 -> 0 | K79: =Runs!N1916 -> 0 | L79: =Runs!N1927 -> 0 | M79: =Runs!N1938 -> 0 | N79: =Runs!N1949 -> 0 | O79: =Runs!N1960 -> 0 | P79: =Runs!N1971 -> 0 | Q79: =IF(COUNT(G79:P79)=0,"",AVERAGE(G79:P79)) -> 0 | R79: =IF(COUNT(G79:P79)<2,"",STDEV(G79:P79)) -> 0 | S79: =COUNT(G79:P79) -> 10
A80: C08 | B80: INT8 | C80: early | D80: sign | E80: 4 | F80: automobile | G80: =Runs!N1873 -> 0 | H80: =Runs!N1884 -> 0 | I80: =Runs!N1895 -> 0 | J80: =Runs!N1906 -> 0 | K80: =Runs!N1917 -> 0 | L80: =Runs!N1928 -> 0 | M80: =Runs!N1939 -> 0 | N80: =Runs!N1950 -> 0 | O80: =Runs!N1961 -> 0 | P80: =Runs!N1972 -> 0 | Q80: =IF(COUNT(G80:P80)=0,"",AVERAGE(G80:P80)) -> 0 | R80: =IF(COUNT(G80:P80)<2,"",STDEV(G80:P80)) -> 0 | S80: =COUNT(G80:P80) -> 10
A81: C08 | B81: INT8 | C81: early | D81: sign | E81: 4 | F81: bird | G81: =Runs!N1874 -> 0 | H81: =Runs!N1885 -> 0.05 | I81: =Runs!N1896 -> 0 | J81: =Runs!N1907 -> 0 | K81: =Runs!N1918 -> 0 | L81: =Runs!N1929 -> 0 | M81: =Runs!N1940 -> 0 | N81: =Runs!N1951 -> 0 | O81: =Runs!N1962 -> 0 | P81: =Runs!N1973 -> 0 | Q81: =IF(COUNT(G81:P81)=0,"",AVERAGE(G81:P81)) -> 0.005 | R81: =IF(COUNT(G81:P81)<2,"",STDEV(G81:P81)) -> 0.015811388 | S81: =COUNT(G81:P81) -> 10
A82: C08 | B82: INT8 | C82: early | D82: sign | E82: 4 | F82: cat | G82: =Runs!N1875 -> 0 | H82: =Runs!N1886 -> 0 | I82: =Runs!N1897 -> 0 | J82: =Runs!N1908 -> 0 | K82: =Runs!N1919 -> 0 | L82: =Runs!N1930 -> 0 | M82: =Runs!N1941 -> 0 | N82: =Runs!N1952 -> 0 | O82: =Runs!N1963 -> 0 | P82: =Runs!N1974 -> 0 | Q82: =IF(COUNT(G82:P82)=0,"",AVERAGE(G82:P82)) -> 0 | R82: =IF(COUNT(G82:P82)<2,"",STDEV(G82:P82)) -> 0 | S82: =COUNT(G82:P82) -> 10
A83: C08 | B83: INT8 | C83: early | D83: sign | E83: 4 | F83: deer | G83: =Runs!N1876 -> 0 | H83: =Runs!N1887 -> 0 | I83: =Runs!N1898 -> 0 | J83: =Runs!N1909 -> 0 | K83: =Runs!N1920 -> 0 | L83: =Runs!N1931 -> 0 | M83: =Runs!N1942 -> 0 | N83: =Runs!N1953 -> 0 | O83: =Runs!N1964 -> 0 | P83: =Runs!N1975 -> 0 | Q83: =IF(COUNT(G83:P83)=0,"",AVERAGE(G83:P83)) -> 0 | R83: =IF(COUNT(G83:P83)<2,"",STDEV(G83:P83)) -> 0 | S83: =COUNT(G83:P83) -> 10
A84: C08 | B84: INT8 | C84: early | D84: sign | E84: 4 | F84: dog | G84: =Runs!N1877 -> 0 | H84: =Runs!N1888 -> 0 | I84: =Runs!N1899 -> 0 | J84: =Runs!N1910 -> 0 | K84: =Runs!N1921 -> 0 | L84: =Runs!N1932 -> 0 | M84: =Runs!N1943 -> 0 | N84: =Runs!N1954 -> 0 | O84: =Runs!N1965 -> 0.05 | P84: =Runs!N1976 -> 0 | Q84: =IF(COUNT(G84:P84)=0,"",AVERAGE(G84:P84)) -> 0.005 | R84: =IF(COUNT(G84:P84)<2,"",STDEV(G84:P84)) -> 0.015811388 | S84: =COUNT(G84:P84) -> 10
A85: C08 | B85: INT8 | C85: early | D85: sign | E85: 4 | F85: frog | G85: =Runs!N1878 -> 0 | H85: =Runs!N1889 -> 0 | I85: =Runs!N1900 -> 0 | J85: =Runs!N1911 -> 0 | K85: =Runs!N1922 -> 0 | L85: =Runs!N1933 -> 0 | M85: =Runs!N1944 -> 0 | N85: =Runs!N1955 -> 0 | O85: =Runs!N1966 -> 0.05 | P85: =Runs!N1977 -> 0 | Q85: =IF(COUNT(G85:P85)=0,"",AVERAGE(G85:P85)) -> 0.005 | R85: =IF(COUNT(G85:P85)<2,"",STDEV(G85:P85)) -> 0.015811388 | S85: =COUNT(G85:P85) -> 10
A86: C08 | B86: INT8 | C86: early | D86: sign | E86: 4 | F86: horse | G86: =Runs!N1879 -> 0 | H86: =Runs!N1890 -> 0 | I86: =Runs!N1901 -> 0 | J86: =Runs!N1912 -> 0 | K86: =Runs!N1923 -> 0 | L86: =Runs!N1934 -> 0 | M86: =Runs!N1945 -> 0 | N86: =Runs!N1956 -> 0 | O86: =Runs!N1967 -> 0 | P86: =Runs!N1978 -> 0 | Q86: =IF(COUNT(G86:P86)=0,"",AVERAGE(G86:P86)) -> 0 | R86: =IF(COUNT(G86:P86)<2,"",STDEV(G86:P86)) -> 0 | S86: =COUNT(G86:P86) -> 10
A87: C08 | B87: INT8 | C87: early | D87: sign | E87: 4 | F87: ship | G87: =Runs!N1880 -> 0 | H87: =Runs!N1891 -> 0 | I87: =Runs!N1902 -> 0 | J87: =Runs!N1913 -> 0 | K87: =Runs!N1924 -> 0 | L87: =Runs!N1935 -> 0 | M87: =Runs!N1946 -> 0 | N87: =Runs!N1957 -> 0 | O87: =Runs!N1968 -> 0 | P87: =Runs!N1979 -> 0 | Q87: =IF(COUNT(G87:P87)=0,"",AVERAGE(G87:P87)) -> 0 | R87: =IF(COUNT(G87:P87)<2,"",STDEV(G87:P87)) -> 0 | S87: =COUNT(G87:P87) -> 10
A88: C08 | B88: INT8 | C88: early | D88: sign | E88: 4 | F88: truck | G88: =Runs!N1881 -> 0.05 | H88: =Runs!N1892 -> 0.05 | I88: =Runs!N1903 -> 0.05 | J88: =Runs!N1914 -> 0 | K88: =Runs!N1925 -> 0.05 | L88: =Runs!N1936 -> 0.05 | M88: =Runs!N1947 -> 0.05 | N88: =Runs!N1958 -> 0.05 | O88: =Runs!N1969 -> 0 | P88: =Runs!N1980 -> 0.05 | Q88: =IF(COUNT(G88:P88)=0,"",AVERAGE(G88:P88)) -> 0.04 | R88: =IF(COUNT(G88:P88)<2,"",STDEV(G88:P88)) -> 0.021081851 | S88: =COUNT(G88:P88) -> 10
A89: C08 | B89: INT8 | C89: early | D89: sign | E89: 4 | F89: ALL | G89: =Runs!N1882 -> 0.005 | H89: =Runs!N1893 -> 0.01 | I89: =Runs!N1904 -> 0.005 | J89: =Runs!N1915 -> 0 | K89: =Runs!N1926 -> 0.005 | L89: =Runs!N1937 -> 0.005 | M89: =Runs!N1948 -> 0.005 | N89: =Runs!N1959 -> 0.005 | O89: =Runs!N1970 -> 0.01 | P89: =Runs!N1981 -> 0.005 | Q89: =IF(COUNT(G89:P89)=0,"",AVERAGE(G89:P89)) -> 0.0055 | R89: =IF(COUNT(G89:P89)<2,"",STDEV(G89:P89)) -> 0.0028382311 | S89: =COUNT(G89:P89) -> 10
A90: C09 | B90: INT8 | C90: late | D90: msb | E90: 16 | F90: airplane | G90: =Runs!N1982 -> 0 | H90: =Runs!N1993 -> 0 | I90: =Runs!N2004 -> 0 | J90: =Runs!N2015 -> 0 | K90: =Runs!N2026 -> 0 | L90: =Runs!N2037 -> 0 | M90: =Runs!N2048 -> 0 | N90: =Runs!N2059 -> 0 | O90: =Runs!N2070 -> 0 | P90: =Runs!N2081 -> 0 | Q90: =IF(COUNT(G90:P90)=0,"",AVERAGE(G90:P90)) -> 0 | R90: =IF(COUNT(G90:P90)<2,"",STDEV(G90:P90)) -> 0 | S90: =COUNT(G90:P90) -> 10
A91: C09 | B91: INT8 | C91: late | D91: msb | E91: 16 | F91: automobile | G91: =Runs!N1983 -> 0 | H91: =Runs!N1994 -> 0 | I91: =Runs!N2005 -> 0 | J91: =Runs!N2016 -> 0 | K91: =Runs!N2027 -> 0 | L91: =Runs!N2038 -> 0 | M91: =Runs!N2049 -> 0 | N91: =Runs!N2060 -> 0 | O91: =Runs!N2071 -> 0 | P91: =Runs!N2082 -> 0 | Q91: =IF(COUNT(G91:P91)=0,"",AVERAGE(G91:P91)) -> 0 | R91: =IF(COUNT(G91:P91)<2,"",STDEV(G91:P91)) -> 0 | S91: =COUNT(G91:P91) -> 10
A92: C09 | B92: INT8 | C92: late | D92: msb | E92: 16 | F92: bird | G92: =Runs!N1984 -> 0 | H92: =Runs!N1995 -> 0 | I92: =Runs!N2006 -> 0 | J92: =Runs!N2017 -> 0 | K92: =Runs!N2028 -> 0 | L92: =Runs!N2039 -> 0 | M92: =Runs!N2050 -> 0 | N92: =Runs!N2061 -> 0 | O92: =Runs!N2072 -> 0 | P92: =Runs!N2083 -> 0 | Q92: =IF(COUNT(G92:P92)=0,"",AVERAGE(G92:P92)) -> 0 | R92: =IF(COUNT(G92:P92)<2,"",STDEV(G92:P92)) -> 0 | S92: =COUNT(G92:P92) -> 10
A93: C09 | B93: INT8 | C93: late | D93: msb | E93: 16 | F93: cat | G93: =Runs!N1985 -> 0.1 | H93: =Runs!N1996 -> 0 | I93: =Runs!N2007 -> 0 | J93: =Runs!N2018 -> 0 | K93: =Runs!N2029 -> 0 | L93: =Runs!N2040 -> 0 | M93: =Runs!N2051 -> 0 | N93: =Runs!N2062 -> 0 | O93: =Runs!N2073 -> 0 | P93: =Runs!N2084 -> 0 | Q93: =IF(COUNT(G93:P93)=0,"",AVERAGE(G93:P93)) -> 0.01 | R93: =IF(COUNT(G93:P93)<2,"",STDEV(G93:P93)) -> 0.031622777 | S93: =COUNT(G93:P93) -> 10
A94: C09 | B94: INT8 | C94: late | D94: msb | E94: 16 | F94: deer | G94: =Runs!N1986 -> 0.05 | H94: =Runs!N1997 -> 0 | I94: =Runs!N2008 -> 0 | J94: =Runs!N2019 -> 0 | K94: =Runs!N2030 -> 0 | L94: =Runs!N2041 -> 0 | M94: =Runs!N2052 -> 0 | N94: =Runs!N2063 -> 0 | O94: =Runs!N2074 -> 0 | P94: =Runs!N2085 -> 0 | Q94: =IF(COUNT(G94:P94)=0,"",AVERAGE(G94:P94)) -> 0.005 | R94: =IF(COUNT(G94:P94)<2,"",STDEV(G94:P94)) -> 0.015811388 | S94: =COUNT(G94:P94) -> 10
A95: C09 | B95: INT8 | C95: late | D95: msb | E95: 16 | F95: dog | G95: =Runs!N1987 -> 0 | H95: =Runs!N1998 -> 0 | I95: =Runs!N2009 -> 0 | J95: =Runs!N2020 -> 0 | K95: =Runs!N2031 -> 0 | L95: =Runs!N2042 -> 0 | M95: =Runs!N2053 -> 0 | N95: =Runs!N2064 -> 0 | O95: =Runs!N2075 -> 0 | P95: =Runs!N2086 -> 0 | Q95: =IF(COUNT(G95:P95)=0,"",AVERAGE(G95:P95)) -> 0 | R95: =IF(COUNT(G95:P95)<2,"",STDEV(G95:P95)) -> 0 | S95: =COUNT(G95:P95) -> 10
A96: C09 | B96: INT8 | C96: late | D96: msb | E96: 16 | F96: frog | G96: =Runs!N1988 -> 0 | H96: =Runs!N1999 -> 0 | I96: =Runs!N2010 -> 0 | J96: =Runs!N2021 -> 0 | K96: =Runs!N2032 -> 0 | L96: =Runs!N2043 -> 0 | M96: =Runs!N2054 -> 0 | N96: =Runs!N2065 -> 0 | O96: =Runs!N2076 -> 0 | P96: =Runs!N2087 -> 0 | Q96: =IF(COUNT(G96:P96)=0,"",AVERAGE(G96:P96)) -> 0 | R96: =IF(COUNT(G96:P96)<2,"",STDEV(G96:P96)) -> 0 | S96: =COUNT(G96:P96) -> 10
A97: C09 | B97: INT8 | C97: late | D97: msb | E97: 16 | F97: horse | G97: =Runs!N1989 -> 0.05 | H97: =Runs!N2000 -> 0 | I97: =Runs!N2011 -> 0 | J97: =Runs!N2022 -> 0 | K97: =Runs!N2033 -> 0 | L97: =Runs!N2044 -> 0 | M97: =Runs!N2055 -> 0 | N97: =Runs!N2066 -> 0 | O97: =Runs!N2077 -> 0 | P97: =Runs!N2088 -> 0 | Q97: =IF(COUNT(G97:P97)=0,"",AVERAGE(G97:P97)) -> 0.005 | R97: =IF(COUNT(G97:P97)<2,"",STDEV(G97:P97)) -> 0.015811388 | S97: =COUNT(G97:P97) -> 10
A98: C09 | B98: INT8 | C98: late | D98: msb | E98: 16 | F98: ship | G98: =Runs!N1990 -> 0 | H98: =Runs!N2001 -> 0 | I98: =Runs!N2012 -> 0 | J98: =Runs!N2023 -> 0 | K98: =Runs!N2034 -> 0 | L98: =Runs!N2045 -> 0 | M98: =Runs!N2056 -> 0 | N98: =Runs!N2067 -> 0 | O98: =Runs!N2078 -> 0 | P98: =Runs!N2089 -> 0 | Q98: =IF(COUNT(G98:P98)=0,"",AVERAGE(G98:P98)) -> 0 | R98: =IF(COUNT(G98:P98)<2,"",STDEV(G98:P98)) -> 0 | S98: =COUNT(G98:P98) -> 10
A99: C09 | B99: INT8 | C99: late | D99: msb | E99: 16 | F99: truck | G99: =Runs!N1991 -> 0.05 | H99: =Runs!N2002 -> 0.05 | I99: =Runs!N2013 -> 0.05 | J99: =Runs!N2024 -> 0.05 | K99: =Runs!N2035 -> 0.05 | L99: =Runs!N2046 -> 0.05 | M99: =Runs!N2057 -> 0.05 | N99: =Runs!N2068 -> 0.05 | O99: =Runs!N2079 -> 0.05 | P99: =Runs!N2090 -> 0.05 | Q99: =IF(COUNT(G99:P99)=0,"",AVERAGE(G99:P99)) -> 0.05 | R99: =IF(COUNT(G99:P99)<2,"",STDEV(G99:P99)) -> 0 | S99: =COUNT(G99:P99) -> 10
A100: C09 | B100: INT8 | C100: late | D100: msb | E100: 16 | F100: ALL | G100: =Runs!N1992 -> 0.025 | H100: =Runs!N2003 -> 0.005 | I100: =Runs!N2014 -> 0.005 | J100: =Runs!N2025 -> 0.005 | K100: =Runs!N2036 -> 0.005 | L100: =Runs!N2047 -> 0.005 | M100: =Runs!N2058 -> 0.005 | N100: =Runs!N2069 -> 0.005 | O100: =Runs!N2080 -> 0.005 | P100: =Runs!N2091 -> 0.005 | Q100: =IF(COUNT(G100:P100)=0,"",AVERAGE(G100:P100)) -> 0.007 | R100: =IF(COUNT(G100:P100)<2,"",STDEV(G100:P100)) -> 0.0063245553 | S100: =COUNT(G100:P100) -> 10
...

Sheet Precision
A1: Config | B1: Format | C1: Where | D1: Which bit | E1: Flips | F1: Class | G1: Rep 1 | H1: Rep 2 | I1: Rep 3 | J1: Rep 4 | K1: Rep 5 | L1: Rep 6 | M1: Rep 7 | N1: Rep 8 | O1: Rep 9 | P1: Rep 10 | Q1: Mean | R1: SD | S1: N
A2: C01 | B2: FP32 | C2: early | D2: sign | E2: 16 | F2: airplane | G2: =Runs!O1102 | H2: =Runs!O1113 | I2: =Runs!O1124 | J2: =Runs!O1135 | K2: =Runs!O1146 | L2: =Runs!O1157 | M2: =Runs!O1168 | N2: =Runs!O1179 | O2: =Runs!O1190 | P2: =Runs!O1201 | Q2: =IF(COUNT(G2:P2)=0,"",AVERAGE(G2:P2)) | R2: =IF(COUNT(G2:P2)<2,"",STDEV(G2:P2)) | S2: =COUNT(G2:P2) -> 0
A3: C01 | B3: FP32 | C3: early | D3: sign | E3: 16 | F3: automobile | G3: =Runs!O1103 -> 1 | H3: =Runs!O1114 | I3: =Runs!O1125 | J3: =Runs!O1136 | K3: =Runs!O1147 | L3: =Runs!O1158 | M3: =Runs!O1169 | N3: =Runs!O1180 | O3: =Runs!O1191 | P3: =Runs!O1202 | Q3: =IF(COUNT(G3:P3)=0,"",AVERAGE(G3:P3)) -> 1 | R3: =IF(COUNT(G3:P3)<2,"",STDEV(G3:P3)) | S3: =COUNT(G3:P3) -> 1
A4: C01 | B4: FP32 | C4: early | D4: sign | E4: 16 | F4: bird | G4: =Runs!O1104 | H4: =Runs!O1115 | I4: =Runs!O1126 | J4: =Runs!O1137 | K4: =Runs!O1148 | L4: =Runs!O1159 | M4: =Runs!O1170 | N4: =Runs!O1181 | O4: =Runs!O1192 | P4: =Runs!O1203 | Q4: =IF(COUNT(G4:P4)=0,"",AVERAGE(G4:P4)) | R4: =IF(COUNT(G4:P4)<2,"",STDEV(G4:P4)) | S4: =COUNT(G4:P4) -> 0
A5: C01 | B5: FP32 | C5: early | D5: sign | E5: 16 | F5: cat | G5: =Runs!O1105 | H5: =Runs!O1116 | I5: =Runs!O1127 | J5: =Runs!O1138 | K5: =Runs!O1149 | L5: =Runs!O1160 | M5: =Runs!O1171 | N5: =Runs!O1182 | O5: =Runs!O1193 | P5: =Runs!O1204 | Q5: =IF(COUNT(G5:P5)=0,"",AVERAGE(G5:P5)) | R5: =IF(COUNT(G5:P5)<2,"",STDEV(G5:P5)) | S5: =COUNT(G5:P5) -> 0
A6: C01 | B6: FP32 | C6: early | D6: sign | E6: 16 | F6: deer | G6: =Runs!O1106 | H6: =Runs!O1117 | I6: =Runs!O1128 | J6: =Runs!O1139 | K6: =Runs!O1150 | L6: =Runs!O1161 | M6: =Runs!O1172 | N6: =Runs!O1183 | O6: =Runs!O1194 | P6: =Runs!O1205 | Q6: =IF(COUNT(G6:P6)=0,"",AVERAGE(G6:P6)) | R6: =IF(COUNT(G6:P6)<2,"",STDEV(G6:P6)) | S6: =COUNT(G6:P6) -> 0
A7: C01 | B7: FP32 | C7: early | D7: sign | E7: 16 | F7: dog | G7: =Runs!O1107 | H7: =Runs!O1118 | I7: =Runs!O1129 | J7: =Runs!O1140 | K7: =Runs!O1151 | L7: =Runs!O1162 | M7: =Runs!O1173 | N7: =Runs!O1184 | O7: =Runs!O1195 | P7: =Runs!O1206 | Q7: =IF(COUNT(G7:P7)=0,"",AVERAGE(G7:P7)) | R7: =IF(COUNT(G7:P7)<2,"",STDEV(G7:P7)) | S7: =COUNT(G7:P7) -> 0
A8: C01 | B8: FP32 | C8: early | D8: sign | E8: 16 | F8: frog | G8: =Runs!O1108 | H8: =Runs!O1119 | I8: =Runs!O1130 | J8: =Runs!O1141 | K8: =Runs!O1152 -> 1 | L8: =Runs!O1163 | M8: =Runs!O1174 | N8: =Runs!O1185 -> 1 | O8: =Runs!O1196 -> 1 | P8: =Runs!O1207 | Q8: =IF(COUNT(G8:P8)=0,"",AVERAGE(G8:P8)) -> 1 | R8: =IF(COUNT(G8:P8)<2,"",STDEV(G8:P8)) -> 0 | S8: =COUNT(G8:P8) -> 3
A9: C01 | B9: FP32 | C9: early | D9: sign | E9: 16 | F9: horse | G9: =Runs!O1109 | H9: =Runs!O1120 | I9: =Runs!O1131 | J9: =Runs!O1142 | K9: =Runs!O1153 | L9: =Runs!O1164 | M9: =Runs!O1175 | N9: =Runs!O1186 | O9: =Runs!O1197 | P9: =Runs!O1208 | Q9: =IF(COUNT(G9:P9)=0,"",AVERAGE(G9:P9)) | R9: =IF(COUNT(G9:P9)<2,"",STDEV(G9:P9)) | S9: =COUNT(G9:P9) -> 0
A10: C01 | B10: FP32 | C10: early | D10: sign | E10: 16 | F10: ship | G10: =Runs!O1110 | H10: =Runs!O1121 | I10: =Runs!O1132 | J10: =Runs!O1143 | K10: =Runs!O1154 | L10: =Runs!O1165 | M10: =Runs!O1176 | N10: =Runs!O1187 | O10: =Runs!O1198 | P10: =Runs!O1209 | Q10: =IF(COUNT(G10:P10)=0,"",AVERAGE(G10:P10)) | R10: =IF(COUNT(G10:P10)<2,"",STDEV(G10:P10)) | S10: =COUNT(G10:P10) -> 0
A11: C01 | B11: FP32 | C11: early | D11: sign | E11: 16 | F11: truck | G11: =Runs!O1111 -> 0 | H11: =Runs!O1122 -> 0.5 | I11: =Runs!O1133 -> 0.5 | J11: =Runs!O1144 -> 0.5 | K11: =Runs!O1155 -> 0.5 | L11: =Runs!O1166 -> 0 | M11: =Runs!O1177 -> 0.5 | N11: =Runs!O1188 -> 0 | O11: =Runs!O1199 -> 0.5 | P11: =Runs!O1210 -> 0.5 | Q11: =IF(COUNT(G11:P11)=0,"",AVERAGE(G11:P11)) -> 0.35 | R11: =IF(COUNT(G11:P11)<2,"",STDEV(G11:P11)) -> 0.24152295 | S11: =COUNT(G11:P11) -> 10
A12: C01 | B12: FP32 | C12: early | D12: sign | E12: 16 | F12: ALL | G12: =Runs!O1112 -> 0.5 | H12: =Runs!O1123 -> 0.5 | I12: =Runs!O1134 -> 0.5 | J12: =Runs!O1145 -> 0.5 | K12: =Runs!O1156 -> 0.66666667 | L12: =Runs!O1167 -> 0 | M12: =Runs!O1178 -> 0.5 | N12: =Runs!O1189 -> 0.5 | O12: =Runs!O1200 -> 0.66666667 | P12: =Runs!O1211 -> 0.5 | Q12: =IF(COUNT(G12:P12)=0,"",AVERAGE(G12:P12)) -> 0.48333333 | R12: =IF(COUNT(G12:P12)<2,"",STDEV(G12:P12)) -> 0.18341749 | S12: =COUNT(G12:P12) -> 10
A13: C02 | B13: FP32 | C13: early | D13: exp_msb | E13: 1 | F13: airplane | G13: =Runs!O1212 | H13: =Runs!O1223 | I13: =Runs!O1234 | J13: =Runs!O1245 -> 1 | K13: =Runs!O1256 | L13: =Runs!O1267 -> 1 | M13: =Runs!O1278 | N13: =Runs!O1289 | O13: =Runs!O1300 | P13: =Runs!O1311 | Q13: =IF(COUNT(G13:P13)=0,"",AVERAGE(G13:P13)) -> 1 | R13: =IF(COUNT(G13:P13)<2,"",STDEV(G13:P13)) -> 0 | S13: =COUNT(G13:P13) -> 2
A14: C02 | B14: FP32 | C14: early | D14: exp_msb | E14: 1 | F14: automobile | G14: =Runs!O1213 | H14: =Runs!O1224 | I14: =Runs!O1235 | J14: =Runs!O1246 -> 1 | K14: =Runs!O1257 | L14: =Runs!O1268 -> 1 | M14: =Runs!O1279 | N14: =Runs!O1290 | O14: =Runs!O1301 | P14: =Runs!O1312 | Q14: =IF(COUNT(G14:P14)=0,"",AVERAGE(G14:P14)) -> 1 | R14: =IF(COUNT(G14:P14)<2,"",STDEV(G14:P14)) -> 0 | S14: =COUNT(G14:P14) -> 2
A15: C02 | B15: FP32 | C15: early | D15: exp_msb | E15: 1 | F15: bird | G15: =Runs!O1214 | H15: =Runs!O1225 | I15: =Runs!O1236 | J15: =Runs!O1247 -> 1 | K15: =Runs!O1258 | L15: =Runs!O1269 -> 1 | M15: =Runs!O1280 | N15: =Runs!O1291 | O15: =Runs!O1302 | P15: =Runs!O1313 | Q15: =IF(COUNT(G15:P15)=0,"",AVERAGE(G15:P15)) -> 1 | R15: =IF(COUNT(G15:P15)<2,"",STDEV(G15:P15)) -> 0 | S15: =COUNT(G15:P15) -> 2
A16: C02 | B16: FP32 | C16: early | D16: exp_msb | E16: 1 | F16: cat | G16: =Runs!O1215 | H16: =Runs!O1226 | I16: =Runs!O1237 | J16: =Runs!O1248 -> 1 | K16: =Runs!O1259 | L16: =Runs!O1270 -> 1 | M16: =Runs!O1281 | N16: =Runs!O1292 | O16: =Runs!O1303 | P16: =Runs!O1314 | Q16: =IF(COUNT(G16:P16)=0,"",AVERAGE(G16:P16)) -> 1 | R16: =IF(COUNT(G16:P16)<2,"",STDEV(G16:P16)) -> 0 | S16: =COUNT(G16:P16) -> 2
A17: C02 | B17: FP32 | C17: early | D17: exp_msb | E17: 1 | F17: deer | G17: =Runs!O1216 | H17: =Runs!O1227 | I17: =Runs!O1238 | J17: =Runs!O1249 -> 1 | K17: =Runs!O1260 | L17: =Runs!O1271 -> 1 | M17: =Runs!O1282 | N17: =Runs!O1293 | O17: =Runs!O1304 | P17: =Runs!O1315 | Q17: =IF(COUNT(G17:P17)=0,"",AVERAGE(G17:P17)) -> 1 | R17: =IF(COUNT(G17:P17)<2,"",STDEV(G17:P17)) -> 0 | S17: =COUNT(G17:P17) -> 2
A18: C02 | B18: FP32 | C18: early | D18: exp_msb | E18: 1 | F18: dog | G18: =Runs!O1217 | H18: =Runs!O1228 | I18: =Runs!O1239 | J18: =Runs!O1250 -> 1 | K18: =Runs!O1261 | L18: =Runs!O1272 -> 1 | M18: =Runs!O1283 | N18: =Runs!O1294 | O18: =Runs!O1305 | P18: =Runs!O1316 | Q18: =IF(COUNT(G18:P18)=0,"",AVERAGE(G18:P18)) -> 1 | R18: =IF(COUNT(G18:P18)<2,"",STDEV(G18:P18)) -> 0 | S18: =COUNT(G18:P18) -> 2
A19: C02 | B19: FP32 | C19: early | D19: exp_msb | E19: 1 | F19: frog | G19: =Runs!O1218 | H19: =Runs!O1229 | I19: =Runs!O1240 | J19: =Runs!O1251 -> 1 | K19: =Runs!O1262 | L19: =Runs!O1273 -> 1 | M19: =Runs!O1284 | N19: =Runs!O1295 | O19: =Runs!O1306 | P19: =Runs!O1317 | Q19: =IF(COUNT(G19:P19)=0,"",AVERAGE(G19:P19)) -> 1 | R19: =IF(COUNT(G19:P19)<2,"",STDEV(G19:P19)) -> 0 | S19: =COUNT(G19:P19) -> 2
A20: C02 | B20: FP32 | C20: early | D20: exp_msb | E20: 1 | F20: horse | G20: =Runs!O1219 | H20: =Runs!O1230 | I20: =Runs!O1241 | J20: =Runs!O1252 -> 1 | K20: =Runs!O1263 | L20: =Runs!O1274 -> 1 | M20: =Runs!O1285 | N20: =Runs!O1296 | O20: =Runs!O1307 | P20: =Runs!O1318 | Q20: =IF(COUNT(G20:P20)=0,"",AVERAGE(G20:P20)) -> 1 | R20: =IF(COUNT(G20:P20)<2,"",STDEV(G20:P20)) -> 0 | S20: =COUNT(G20:P20) -> 2
A21: C02 | B21: FP32 | C21: early | D21: exp_msb | E21: 1 | F21: ship | G21: =Runs!O1220 | H21: =Runs!O1231 | I21: =Runs!O1242 | J21: =Runs!O1253 -> 1 | K21: =Runs!O1264 | L21: =Runs!O1275 -> 1 | M21: =Runs!O1286 | N21: =Runs!O1297 | O21: =Runs!O1308 | P21: =Runs!O1319 | Q21: =IF(COUNT(G21:P21)=0,"",AVERAGE(G21:P21)) -> 1 | R21: =IF(COUNT(G21:P21)<2,"",STDEV(G21:P21)) -> 0 | S21: =COUNT(G21:P21) -> 2
A22: C02 | B22: FP32 | C22: early | D22: exp_msb | E22: 1 | F22: truck | G22: =Runs!O1221 -> 0.5 | H22: =Runs!O1232 -> 0.5 | I22: =Runs!O1243 -> 0.5 | J22: =Runs!O1254 -> 0.95238095 | K22: =Runs!O1265 -> 0.5 | L22: =Runs!O1276 -> 0.95238095 | M22: =Runs!O1287 -> 0.5 | N22: =Runs!O1298 -> 0.5 | O22: =Runs!O1309 -> 0.5 | P22: =Runs!O1320 -> 0.5 | Q22: =IF(COUNT(G22:P22)=0,"",AVERAGE(G22:P22)) -> 0.59047619 | R22: =IF(COUNT(G22:P22)<2,"",STDEV(G22:P22)) -> 0.19074056 | S22: =COUNT(G22:P22) -> 10
A23: C02 | B23: FP32 | C23: early | D23: exp_msb | E23: 1 | F23: ALL | G23: =Runs!O1222 -> 0.5 | H23: =Runs!O1233 -> 0.5 | I23: =Runs!O1244 -> 0.5 | J23: =Runs!O1255 -> 0.99502488 | K23: =Runs!O1266 -> 0.5 | L23: =Runs!O1277 -> 0.99502488 | M23: =Runs!O1288 -> 0.5 | N23: =Runs!O1299 -> 0.5 | O23: =Runs!O1310 -> 0.5 | P23: =Runs!O1321 -> 0.5 | Q23: =IF(COUNT(G23:P23)=0,"",AVERAGE(G23:P23)) -> 0.59900498 | R23: =IF(COUNT(G23:P23)<2,"",STDEV(G23:P23)) -> 0.20872081 | S23: =COUNT(G23:P23) -> 10
A24: C03 | B24: FP32 | C24: middle | D24: exp_msb | E24: 4 | F24: airplane | G24: =Runs!O1322 -> 1 | H24: =Runs!O1333 | I24: =Runs!O1344 -> 1 | J24: =Runs!O1355 | K24: =Runs!O1366 | L24: =Runs!O1377 | M24: =Runs!O1388 -> 1 | N24: =Runs!O1399 -> 1 | O24: =Runs!O1410 -> 1 | P24: =Runs!O1421 | Q24: =IF(COUNT(G24:P24)=0,"",AVERAGE(G24:P24)) -> 1 | R24: =IF(COUNT(G24:P24)<2,"",STDEV(G24:P24)) -> 0 | S24: =COUNT(G24:P24) -> 5
A25: C03 | B25: FP32 | C25: middle | D25: exp_msb | E25: 4 | F25: automobile | G25: =Runs!O1323 -> 1 | H25: =Runs!O1334 | I25: =Runs!O1345 -> 1 | J25: =Runs!O1356 | K25: =Runs!O1367 | L25: =Runs!O1378 | M25: =Runs!O1389 -> 1 | N25: =Runs!O1400 -> 1 | O25: =Runs!O1411 -> 1 | P25: =Runs!O1422 | Q25: =IF(COUNT(G25:P25)=0,"",AVERAGE(G25:P25)) -> 1 | R25: =IF(COUNT(G25:P25)<2,"",STDEV(G25:P25)) -> 0 | S25: =COUNT(G25:P25) -> 5
A26: C03 | B26: FP32 | C26: middle | D26: exp_msb | E26: 4 | F26: bird | G26: =Runs!O1324 -> 1 | H26: =Runs!O1335 | I26: =Runs!O1346 -> 1 | J26: =Runs!O1357 | K26: =Runs!O1368 | L26: =Runs!O1379 | M26: =Runs!O1390 -> 1 | N26: =Runs!O1401 -> 1 | O26: =Runs!O1412 -> 1 | P26: =Runs!O1423 | Q26: =IF(COUNT(G26:P26)=0,"",AVERAGE(G26:P26)) -> 1 | R26: =IF(COUNT(G26:P26)<2,"",STDEV(G26:P26)) -> 0 | S26: =COUNT(G26:P26) -> 5
A27: C03 | B27: FP32 | C27: middle | D27: exp_msb | E27: 4 | F27: cat | G27: =Runs!O1325 -> 1 | H27: =Runs!O1336 | I27: =Runs!O1347 -> 1 | J27: =Runs!O1358 | K27: =Runs!O1369 | L27: =Runs!O1380 | M27: =Runs!O1391 -> 1 | N27: =Runs!O1402 -> 1 | O27: =Runs!O1413 -> 1 | P27: =Runs!O1424 | Q27: =IF(COUNT(G27:P27)=0,"",AVERAGE(G27:P27)) -> 1 | R27: =IF(COUNT(G27:P27)<2,"",STDEV(G27:P27)) -> 0 | S27: =COUNT(G27:P27) -> 5
A28: C03 | B28: FP32 | C28: middle | D28: exp_msb | E28: 4 | F28: deer | G28: =Runs!O1326 -> 1 | H28: =Runs!O1337 | I28: =Runs!O1348 -> 1 | J28: =Runs!O1359 | K28: =Runs!O1370 | L28: =Runs!O1381 | M28: =Runs!O1392 -> 1 | N28: =Runs!O1403 -> 1 | O28: =Runs!O1414 -> 1 | P28: =Runs!O1425 | Q28: =IF(COUNT(G28:P28)=0,"",AVERAGE(G28:P28)) -> 1 | R28: =IF(COUNT(G28:P28)<2,"",STDEV(G28:P28)) -> 0 | S28: =COUNT(G28:P28) -> 5
A29: C03 | B29: FP32 | C29: middle | D29: exp_msb | E29: 4 | F29: dog | G29: =Runs!O1327 -> 1 | H29: =Runs!O1338 | I29: =Runs!O1349 -> 1 | J29: =Runs!O1360 | K29: =Runs!O1371 | L29: =Runs!O1382 | M29: =Runs!O1393 -> 1 | N29: =Runs!O1404 -> 1 | O29: =Runs!O1415 -> 1 | P29: =Runs!O1426 | Q29: =IF(COUNT(G29:P29)=0,"",AVERAGE(G29:P29)) -> 1 | R29: =IF(COUNT(G29:P29)<2,"",STDEV(G29:P29)) -> 0 | S29: =COUNT(G29:P29) -> 5
A30: C03 | B30: FP32 | C30: middle | D30: exp_msb | E30: 4 | F30: frog | G30: =Runs!O1328 -> 1 | H30: =Runs!O1339 | I30: =Runs!O1350 -> 1 | J30: =Runs!O1361 | K30: =Runs!O1372 | L30: =Runs!O1383 | M30: =Runs!O1394 -> 1 | N30: =Runs!O1405 -> 1 | O30: =Runs!O1416 -> 1 | P30: =Runs!O1427 | Q30: =IF(COUNT(G30:P30)=0,"",AVERAGE(G30:P30)) -> 1 | R30: =IF(COUNT(G30:P30)<2,"",STDEV(G30:P30)) -> 0 | S30: =COUNT(G30:P30) -> 5
A31: C03 | B31: FP32 | C31: middle | D31: exp_msb | E31: 4 | F31: horse | G31: =Runs!O1329 -> 1 | H31: =Runs!O1340 | I31: =Runs!O1351 -> 1 | J31: =Runs!O1362 | K31: =Runs!O1373 | L31: =Runs!O1384 | M31: =Runs!O1395 -> 1 | N31: =Runs!O1406 -> 1 | O31: =Runs!O1417 -> 1 | P31: =Runs!O1428 | Q31: =IF(COUNT(G31:P31)=0,"",AVERAGE(G31:P31)) -> 1 | R31: =IF(COUNT(G31:P31)<2,"",STDEV(G31:P31)) -> 0 | S31: =COUNT(G31:P31) -> 5
A32: C03 | B32: FP32 | C32: middle | D32: exp_msb | E32: 4 | F32: ship | G32: =Runs!O1330 -> 1 | H32: =Runs!O1341 | I32: =Runs!O1352 -> 1 | J32: =Runs!O1363 | K32: =Runs!O1374 | L32: =Runs!O1385 | M32: =Runs!O1396 -> 1 | N32: =Runs!O1407 -> 1 | O32: =Runs!O1418 -> 1 | P32: =Runs!O1429 | Q32: =IF(COUNT(G32:P32)=0,"",AVERAGE(G32:P32)) -> 1 | R32: =IF(COUNT(G32:P32)<2,"",STDEV(G32:P32)) -> 0 | S32: =COUNT(G32:P32) -> 5
A33: C03 | B33: FP32 | C33: middle | D33: exp_msb | E33: 4 | F33: truck | G33: =Runs!O1331 -> 0.95238095 | H33: =Runs!O1342 -> 0.5 | I33: =Runs!O1353 -> 0.95238095 | J33: =Runs!O1364 -> 0.5 | K33: =Runs!O1375 -> 0.5 | L33: =Runs!O1386 -> 0.5 | M33: =Runs!O1397 -> 0.95238095 | N33: =Runs!O1408 -> 0.95238095 | O33: =Runs!O1419 -> 0.95238095 | P33: =Runs!O1430 -> 0.5 | Q33: =IF(COUNT(G33:P33)=0,"",AVERAGE(G33:P33)) -> 0.72619048 | R33: =IF(COUNT(G33:P33)<2,"",STDEV(G33:P33)) -> 0.2384257 | S33: =COUNT(G33:P33) -> 10
A34: C03 | B34: FP32 | C34: middle | D34: exp_msb | E34: 4 | F34: ALL | G34: =Runs!O1332 -> 0.99502488 | H34: =Runs!O1343 -> 0.5 | I34: =Runs!O1354 -> 0.99502488 | J34: =Runs!O1365 -> 0.5 | K34: =Runs!O1376 -> 0.5 | L34: =Runs!O1387 -> 0.5 | M34: =Runs!O1398 -> 0.99502488 | N34: =Runs!O1409 -> 0.99502488 | O34: =Runs!O1420 -> 0.99502488 | P34: =Runs!O1431 -> 0.5 | Q34: =IF(COUNT(G34:P34)=0,"",AVERAGE(G34:P34)) -> 0.74751244 | R34: =IF(COUNT(G34:P34)<2,"",STDEV(G34:P34)) -> 0.26090102 | S34: =COUNT(G34:P34) -> 10
A35: C04 | B35: FP32 | C35: late | D35: exp_msb | E35: 1 | F35: airplane | G35: =Runs!O1432 | H35: =Runs!O1443 | I35: =Runs!O1454 | J35: =Runs!O1465 -> 1 | K35: =Runs!O1476 | L35: =Runs!O1487 | M35: =Runs!O1498 | N35: =Runs!O1509 | O35: =Runs!O1520 -> 1 | P35: =Runs!O1531 | Q35: =IF(COUNT(G35:P35)=0,"",AVERAGE(G35:P35)) -> 1 | R35: =IF(COUNT(G35:P35)<2,"",STDEV(G35:P35)) -> 0 | S35: =COUNT(G35:P35) -> 2
A36: C04 | B36: FP32 | C36: late | D36: exp_msb | E36: 1 | F36: automobile | G36: =Runs!O1433 | H36: =Runs!O1444 | I36: =Runs!O1455 | J36: =Runs!O1466 -> 1 | K36: =Runs!O1477 | L36: =Runs!O1488 | M36: =Runs!O1499 | N36: =Runs!O1510 | O36: =Runs!O1521 -> 1 | P36: =Runs!O1532 | Q36: =IF(COUNT(G36:P36)=0,"",AVERAGE(G36:P36)) -> 1 | R36: =IF(COUNT(G36:P36)<2,"",STDEV(G36:P36)) -> 0 | S36: =COUNT(G36:P36) -> 2
A37: C04 | B37: FP32 | C37: late | D37: exp_msb | E37: 1 | F37: bird | G37: =Runs!O1434 | H37: =Runs!O1445 | I37: =Runs!O1456 | J37: =Runs!O1467 -> 1 | K37: =Runs!O1478 | L37: =Runs!O1489 | M37: =Runs!O1500 | N37: =Runs!O1511 | O37: =Runs!O1522 -> 1 | P37: =Runs!O1533 | Q37: =IF(COUNT(G37:P37)=0,"",AVERAGE(G37:P37)) -> 1 | R37: =IF(COUNT(G37:P37)<2,"",STDEV(G37:P37)) -> 0 | S37: =COUNT(G37:P37) -> 2
A38: C04 | B38: FP32 | C38: late | D38: exp_msb | E38: 1 | F38: cat | G38: =Runs!O1435 | H38: =Runs!O1446 | I38: =Runs!O1457 | J38: =Runs!O1468 -> 1 | K38: =Runs!O1479 | L38: =Runs!O1490 | M38: =Runs!O1501 | N38: =Runs!O1512 | O38: =Runs!O1523 -> 1 | P38: =Runs!O1534 | Q38: =IF(COUNT(G38:P38)=0,"",AVERAGE(G38:P38)) -> 1 | R38: =IF(COUNT(G38:P38)<2,"",STDEV(G38:P38)) -> 0 | S38: =COUNT(G38:P38) -> 2
A39: C04 | B39: FP32 | C39: late | D39: exp_msb | E39: 1 | F39: deer | G39: =Runs!O1436 | H39: =Runs!O1447 | I39: =Runs!O1458 | J39: =Runs!O1469 -> 1 | K39: =Runs!O1480 | L39: =Runs!O1491 | M39: =Runs!O1502 | N39: =Runs!O1513 | O39: =Runs!O1524 -> 1 | P39: =Runs!O1535 | Q39: =IF(COUNT(G39:P39)=0,"",AVERAGE(G39:P39)) -> 1 | R39: =IF(COUNT(G39:P39)<2,"",STDEV(G39:P39)) -> 0 | S39: =COUNT(G39:P39) -> 2
A40: C04 | B40: FP32 | C40: late | D40: exp_msb | E40: 1 | F40: dog | G40: =Runs!O1437 | H40: =Runs!O1448 | I40: =Runs!O1459 | J40: =Runs!O1470 -> 1 | K40: =Runs!O1481 | L40: =Runs!O1492 | M40: =Runs!O1503 | N40: =Runs!O1514 | O40: =Runs!O1525 -> 1 | P40: =Runs!O1536 | Q40: =IF(COUNT(G40:P40)=0,"",AVERAGE(G40:P40)) -> 1 | R40: =IF(COUNT(G40:P40)<2,"",STDEV(G40:P40)) -> 0 | S40: =COUNT(G40:P40) -> 2
A41: C04 | B41: FP32 | C41: late | D41: exp_msb | E41: 1 | F41: frog | G41: =Runs!O1438 | H41: =Runs!O1449 | I41: =Runs!O1460 | J41: =Runs!O1471 -> 1 | K41: =Runs!O1482 | L41: =Runs!O1493 | M41: =Runs!O1504 | N41: =Runs!O1515 | O41: =Runs!O1526 -> 1 | P41: =Runs!O1537 | Q41: =IF(COUNT(G41:P41)=0,"",AVERAGE(G41:P41)) -> 1 | R41: =IF(COUNT(G41:P41)<2,"",STDEV(G41:P41)) -> 0 | S41: =COUNT(G41:P41) -> 2
A42: C04 | B42: FP32 | C42: late | D42: exp_msb | E42: 1 | F42: horse | G42: =Runs!O1439 | H42: =Runs!O1450 | I42: =Runs!O1461 | J42: =Runs!O1472 -> 1 | K42: =Runs!O1483 | L42: =Runs!O1494 | M42: =Runs!O1505 | N42: =Runs!O1516 | O42: =Runs!O1527 -> 1 | P42: =Runs!O1538 | Q42: =IF(COUNT(G42:P42)=0,"",AVERAGE(G42:P42)) -> 1 | R42: =IF(COUNT(G42:P42)<2,"",STDEV(G42:P42)) -> 0 | S42: =COUNT(G42:P42) -> 2
A43: C04 | B43: FP32 | C43: late | D43: exp_msb | E43: 1 | F43: ship | G43: =Runs!O1440 | H43: =Runs!O1451 | I43: =Runs!O1462 | J43: =Runs!O1473 -> 1 | K43: =Runs!O1484 | L43: =Runs!O1495 | M43: =Runs!O1506 | N43: =Runs!O1517 | O43: =Runs!O1528 -> 1 | P43: =Runs!O1539 | Q43: =IF(COUNT(G43:P43)=0,"",AVERAGE(G43:P43)) -> 1 | R43: =IF(COUNT(G43:P43)<2,"",STDEV(G43:P43)) -> 0 | S43: =COUNT(G43:P43) -> 2
A44: C04 | B44: FP32 | C44: late | D44: exp_msb | E44: 1 | F44: truck | G44: =Runs!O1441 -> 0.5 | H44: =Runs!O1452 -> 0.5 | I44: =Runs!O1463 -> 0.5 | J44: =Runs!O1474 -> 0.95238095 | K44: =Runs!O1485 -> 0.5 | L44: =Runs!O1496 -> 0.5 | M44: =Runs!O1507 -> 0.5 | N44: =Runs!O1518 -> 0.5 | O44: =Runs!O1529 -> 0.95 | P44: =Runs!O1540 -> 0.5 | Q44: =IF(COUNT(G44:P44)=0,"",AVERAGE(G44:P44)) -> 0.5902381 | R44: =IF(COUNT(G44:P44)<2,"",STDEV(G44:P44)) -> 0.19023944 | S44: =COUNT(G44:P44) -> 10
A45: C04 | B45: FP32 | C45: late | D45: exp_msb | E45: 1 | F45: ALL | G45: =Runs!O1442 -> 0.5 | H45: =Runs!O1453 -> 0.5 | I45: =Runs!O1464 -> 0.5 | J45: =Runs!O1475 -> 0.99502488 | K45: =Runs!O1486 -> 0.5 | L45: =Runs!O1497 -> 0.5 | M45: =Runs!O1508 -> 0.5 | N45: =Runs!O1519 -> 0.5 | O45: =Runs!O1530 -> 0.99481865 | P45: =Runs!O1541 -> 0.5 | Q45: =IF(COUNT(G45:P45)=0,"",AVERAGE(G45:P45)) -> 0.59898435 | R45: =IF(COUNT(G45:P45)<2,"",STDEV(G45:P45)) -> 0.20867734 | S45: =COUNT(G45:P45) -> 10
A46: C05 | B46: FP32 | C46: late | D46: exp_low | E46: 16 | F46: airplane | G46: =Runs!O1542 | H46: =Runs!O1553 | I46: =Runs!O1564 | J46: =Runs!O1575 | K46: =Runs!O1586 | L46: =Runs!O1597 | M46: =Runs!O1608 | N46: =Runs!O1619 | O46: =Runs!O1630 | P46: =Runs!O1641 | Q46: =IF(COUNT(G46:P46)=0,"",AVERAGE(G46:P46)) | R46: =IF(COUNT(G46:P46)<2,"",STDEV(G46:P46)) | S46: =COUNT(G46:P46) -> 0
A47: C05 | B47: FP32 | C47: late | D47: exp_low | E47: 16 | F47: automobile | G47: =Runs!O1543 | H47: =Runs!O1554 | I47: =Runs!O1565 | J47: =Runs!O1576 | K47: =Runs!O1587 -> 1 | L47: =Runs!O1598 | M47: =Runs!O1609 | N47: =Runs!O1620 | O47: =Runs!O1631 | P47: =Runs!O1642 | Q47: =IF(COUNT(G47:P47)=0,"",AVERAGE(G47:P47)) -> 1 | R47: =IF(COUNT(G47:P47)<2,"",STDEV(G47:P47)) | S47: =COUNT(G47:P47) -> 1
A48: C05 | B48: FP32 | C48: late | D48: exp_low | E48: 16 | F48: bird | G48: =Runs!O1544 | H48: =Runs!O1555 | I48: =Runs!O1566 | J48: =Runs!O1577 | K48: =Runs!O1588 | L48: =Runs!O1599 | M48: =Runs!O1610 | N48: =Runs!O1621 -> 1 | O48: =Runs!O1632 | P48: =Runs!O1643 | Q48: =IF(COUNT(G48:P48)=0,"",AVERAGE(G48:P48)) -> 1 | R48: =IF(COUNT(G48:P48)<2,"",STDEV(G48:P48)) | S48: =COUNT(G48:P48) -> 1
A49: C05 | B49: FP32 | C49: late | D49: exp_low | E49: 16 | F49: cat | G49: =Runs!O1545 | H49: =Runs!O1556 | I49: =Runs!O1567 | J49: =Runs!O1578 | K49: =Runs!O1589 | L49: =Runs!O1600 | M49: =Runs!O1611 -> 1 | N49: =Runs!O1622 | O49: =Runs!O1633 | P49: =Runs!O1644 | Q49: =IF(COUNT(G49:P49)=0,"",AVERAGE(G49:P49)) -> 1 | R49: =IF(COUNT(G49:P49)<2,"",STDEV(G49:P49)) | S49: =COUNT(G49:P49) -> 1
A50: C05 | B50: FP32 | C50: late | D50: exp_low | E50: 16 | F50: deer | G50: =Runs!O1546 | H50: =Runs!O1557 | I50: =Runs!O1568 | J50: =Runs!O1579 | K50: =Runs!O1590 | L50: =Runs!O1601 | M50: =Runs!O1612 | N50: =Runs!O1623 | O50: =Runs!O1634 -> 1 | P50: =Runs!O1645 | Q50: =IF(COUNT(G50:P50)=0,"",AVERAGE(G50:P50)) -> 1 | R50: =IF(COUNT(G50:P50)<2,"",STDEV(G50:P50)) | S50: =COUNT(G50:P50) -> 1
A51: C05 | B51: FP32 | C51: late | D51: exp_low | E51: 16 | F51: dog | G51: =Runs!O1547 | H51: =Runs!O1558 | I51: =Runs!O1569 | J51: =Runs!O1580 | K51: =Runs!O1591 | L51: =Runs!O1602 | M51: =Runs!O1613 -> 1 | N51: =Runs!O1624 | O51: =Runs!O1635 | P51: =Runs!O1646 | Q51: =IF(COUNT(G51:P51)=0,"",AVERAGE(G51:P51)) -> 1 | R51: =IF(COUNT(G51:P51)<2,"",STDEV(G51:P51)) | S51: =COUNT(G51:P51) -> 1
A52: C05 | B52: FP32 | C52: late | D52: exp_low | E52: 16 | F52: frog | G52: =Runs!O1548 | H52: =Runs!O1559 | I52: =Runs!O1570 | J52: =Runs!O1581 | K52: =Runs!O1592 | L52: =Runs!O1603 | M52: =Runs!O1614 -> 1 | N52: =Runs!O1625 -> 1 | O52: =Runs!O1636 | P52: =Runs!O1647 | Q52: =IF(COUNT(G52:P52)=0,"",AVERAGE(G52:P52)) -> 1 | R52: =IF(COUNT(G52:P52)<2,"",STDEV(G52:P52)) -> 0 | S52: =COUNT(G52:P52) -> 2
A53: C05 | B53: FP32 | C53: late | D53: exp_low | E53: 16 | F53: horse | G53: =Runs!O1549 | H53: =Runs!O1560 | I53: =Runs!O1571 | J53: =Runs!O1582 | K53: =Runs!O1593 | L53: =Runs!O1604 | M53: =Runs!O1615 | N53: =Runs!O1626 | O53: =Runs!O1637 | P53: =Runs!O1648 | Q53: =IF(COUNT(G53:P53)=0,"",AVERAGE(G53:P53)) | R53: =IF(COUNT(G53:P53)<2,"",STDEV(G53:P53)) | S53: =COUNT(G53:P53) -> 0
A54: C05 | B54: FP32 | C54: late | D54: exp_low | E54: 16 | F54: ship | G54: =Runs!O1550 | H54: =Runs!O1561 | I54: =Runs!O1572 | J54: =Runs!O1583 | K54: =Runs!O1594 -> 1 | L54: =Runs!O1605 | M54: =Runs!O1616 | N54: =Runs!O1627 | O54: =Runs!O1638 | P54: =Runs!O1649 | Q54: =IF(COUNT(G54:P54)=0,"",AVERAGE(G54:P54)) -> 1 | R54: =IF(COUNT(G54:P54)<2,"",STDEV(G54:P54)) | S54: =COUNT(G54:P54) -> 1
A55: C05 | B55: FP32 | C55: late | D55: exp_low | E55: 16 | F55: truck | G55: =Runs!O1551 -> 0.5 | H55: =Runs!O1562 -> 0.5 | I55: =Runs!O1573 -> 0.5 | J55: =Runs!O1584 -> 0.5 | K55: =Runs!O1595 -> 0.66666667 | L55: =Runs!O1606 -> 0.5 | M55: =Runs!O1617 -> 0.5 | N55: =Runs!O1628 -> 0 | O55: =Runs!O1639 -> 0.5 | P55: =Runs!O1650 -> 0.5 | Q55: =IF(COUNT(G55:P55)=0,"",AVERAGE(G55:P55)) -> 0.46666667 | R55: =IF(COUNT(G55:P55)<2,"",STDEV(G55:P55)) -> 0.17213259 | S55: =COUNT(G55:P55) -> 10
A56: C05 | B56: FP32 | C56: late | D56: exp_low | E56: 16 | F56: ALL | G56: =Runs!O1552 -> 0.5 | H56: =Runs!O1563 -> 0.5 | I56: =Runs!O1574 -> 0.5 | J56: =Runs!O1585 -> 0.5 | K56: =Runs!O1596 -> 0.92857143 | L56: =Runs!O1607 -> 0.5 | M56: =Runs!O1618 -> 0.91666667 | N56: =Runs!O1629 -> 0.66666667 | O56: =Runs!O1640 -> 0.66666667 | P56: =Runs!O1651 -> 0.5 | Q56: =IF(COUNT(G56:P56)=0,"",AVERAGE(G56:P56)) -> 0.61785714 | R56: =IF(COUNT(G56:P56)<2,"",STDEV(G56:P56)) -> 0.17446333 | S56: =COUNT(G56:P56) -> 10
A57: C06 | B57: FP32 | C57: middle | D57: mant_high | E57: 16 | F57: airplane | G57: =Runs!O1652 | H57: =Runs!O1663 | I57: =Runs!O1674 | J57: =Runs!O1685 | K57: =Runs!O1696 | L57: =Runs!O1707 | M57: =Runs!O1718 | N57: =Runs!O1729 | O57: =Runs!O1740 | P57: =Runs!O1751 | Q57: =IF(COUNT(G57:P57)=0,"",AVERAGE(G57:P57)) | R57: =IF(COUNT(G57:P57)<2,"",STDEV(G57:P57)) | S57: =COUNT(G57:P57) -> 0
A58: C06 | B58: FP32 | C58: middle | D58: mant_high | E58: 16 | F58: automobile | G58: =Runs!O1653 | H58: =Runs!O1664 | I58: =Runs!O1675 | J58: =Runs!O1686 | K58: =Runs!O1697 | L58: =Runs!O1708 | M58: =Runs!O1719 | N58: =Runs!O1730 | O58: =Runs!O1741 | P58: =Runs!O1752 | Q58: =IF(COUNT(G58:P58)=0,"",AVERAGE(G58:P58)) | R58: =IF(COUNT(G58:P58)<2,"",STDEV(G58:P58)) | S58: =COUNT(G58:P58) -> 0
A59: C06 | B59: FP32 | C59: middle | D59: mant_high | E59: 16 | F59: bird | G59: =Runs!O1654 | H59: =Runs!O1665 | I59: =Runs!O1676 | J59: =Runs!O1687 | K59: =Runs!O1698 | L59: =Runs!O1709 | M59: =Runs!O1720 | N59: =Runs!O1731 | O59: =Runs!O1742 | P59: =Runs!O1753 | Q59: =IF(COUNT(G59:P59)=0,"",AVERAGE(G59:P59)) | R59: =IF(COUNT(G59:P59)<2,"",STDEV(G59:P59)) | S59: =COUNT(G59:P59) -> 0
A60: C06 | B60: FP32 | C60: middle | D60: mant_high | E60: 16 | F60: cat | G60: =Runs!O1655 | H60: =Runs!O1666 | I60: =Runs!O1677 | J60: =Runs!O1688 | K60: =Runs!O1699 | L60: =Runs!O1710 | M60: =Runs!O1721 | N60: =Runs!O1732 | O60: =Runs!O1743 | P60: =Runs!O1754 | Q60: =IF(COUNT(G60:P60)=0,"",AVERAGE(G60:P60)) | R60: =IF(COUNT(G60:P60)<2,"",STDEV(G60:P60)) | S60: =COUNT(G60:P60) -> 0
A61: C06 | B61: FP32 | C61: middle | D61: mant_high | E61: 16 | F61: deer | G61: =Runs!O1656 | H61: =Runs!O1667 | I61: =Runs!O1678 | J61: =Runs!O1689 | K61: =Runs!O1700 | L61: =Runs!O1711 | M61: =Runs!O1722 | N61: =Runs!O1733 | O61: =Runs!O1744 | P61: =Runs!O1755 | Q61: =IF(COUNT(G61:P61)=0,"",AVERAGE(G61:P61)) | R61: =IF(COUNT(G61:P61)<2,"",STDEV(G61:P61)) | S61: =COUNT(G61:P61) -> 0
A62: C06 | B62: FP32 | C62: middle | D62: mant_high | E62: 16 | F62: dog | G62: =Runs!O1657 | H62: =Runs!O1668 | I62: =Runs!O1679 | J62: =Runs!O1690 | K62: =Runs!O1701 | L62: =Runs!O1712 | M62: =Runs!O1723 | N62: =Runs!O1734 | O62: =Runs!O1745 | P62: =Runs!O1756 | Q62: =IF(COUNT(G62:P62)=0,"",AVERAGE(G62:P62)) | R62: =IF(COUNT(G62:P62)<2,"",STDEV(G62:P62)) | S62: =COUNT(G62:P62) -> 0
A63: C06 | B63: FP32 | C63: middle | D63: mant_high | E63: 16 | F63: frog | G63: =Runs!O1658 | H63: =Runs!O1669 | I63: =Runs!O1680 | J63: =Runs!O1691 | K63: =Runs!O1702 | L63: =Runs!O1713 | M63: =Runs!O1724 | N63: =Runs!O1735 | O63: =Runs!O1746 | P63: =Runs!O1757 | Q63: =IF(COUNT(G63:P63)=0,"",AVERAGE(G63:P63)) | R63: =IF(COUNT(G63:P63)<2,"",STDEV(G63:P63)) | S63: =COUNT(G63:P63) -> 0
A64: C06 | B64: FP32 | C64: middle | D64: mant_high | E64: 16 | F64: horse | G64: =Runs!O1659 | H64: =Runs!O1670 | I64: =Runs!O1681 | J64: =Runs!O1692 | K64: =Runs!O1703 | L64: =Runs!O1714 | M64: =Runs!O1725 | N64: =Runs!O1736 | O64: =Runs!O1747 | P64: =Runs!O1758 | Q64: =IF(COUNT(G64:P64)=0,"",AVERAGE(G64:P64)) | R64: =IF(COUNT(G64:P64)<2,"",STDEV(G64:P64)) | S64: =COUNT(G64:P64) -> 0
A65: C06 | B65: FP32 | C65: middle | D65: mant_high | E65: 16 | F65: ship | G65: =Runs!O1660 | H65: =Runs!O1671 | I65: =Runs!O1682 | J65: =Runs!O1693 | K65: =Runs!O1704 | L65: =Runs!O1715 | M65: =Runs!O1726 | N65: =Runs!O1737 | O65: =Runs!O1748 | P65: =Runs!O1759 | Q65: =IF(COUNT(G65:P65)=0,"",AVERAGE(G65:P65)) | R65: =IF(COUNT(G65:P65)<2,"",STDEV(G65:P65)) | S65: =COUNT(G65:P65) -> 0
A66: C06 | B66: FP32 | C66: middle | D66: mant_high | E66: 16 | F66: truck | G66: =Runs!O1661 -> 0.5 | H66: =Runs!O1672 -> 0.5 | I66: =Runs!O1683 -> 0.5 | J66: =Runs!O1694 -> 0.5 | K66: =Runs!O1705 -> 0.5 | L66: =Runs!O1716 -> 0.5 | M66: =Runs!O1727 -> 0.5 | N66: =Runs!O1738 -> 0.5 | O66: =Runs!O1749 -> 0.5 | P66: =Runs!O1760 -> 0.5 | Q66: =IF(COUNT(G66:P66)=0,"",AVERAGE(G66:P66)) -> 0.5 | R66: =IF(COUNT(G66:P66)<2,"",STDEV(G66:P66)) -> 0 | S66: =COUNT(G66:P66) -> 10
A67: C06 | B67: FP32 | C67: middle | D67: mant_high | E67: 16 | F67: ALL | G67: =Runs!O1662 -> 0.5 | H67: =Runs!O1673 -> 0.5 | I67: =Runs!O1684 -> 0.5 | J67: =Runs!O1695 -> 0.5 | K67: =Runs!O1706 -> 0.5 | L67: =Runs!O1717 -> 0.5 | M67: =Runs!O1728 -> 0.5 | N67: =Runs!O1739 -> 0.5 | O67: =Runs!O1750 -> 0.5 | P67: =Runs!O1761 -> 0.5 | Q67: =IF(COUNT(G67:P67)=0,"",AVERAGE(G67:P67)) -> 0.5 | R67: =IF(COUNT(G67:P67)<2,"",STDEV(G67:P67)) -> 0 | S67: =COUNT(G67:P67) -> 10
A68: C07 | B68: FP32 | C68: late | D68: mant_low | E68: 16 | F68: airplane | G68: =Runs!O1762 | H68: =Runs!O1773 | I68: =Runs!O1784 | J68: =Runs!O1795 | K68: =Runs!O1806 | L68: =Runs!O1817 | M68: =Runs!O1828 | N68: =Runs!O1839 | O68: =Runs!O1850 | P68: =Runs!O1861 | Q68: =IF(COUNT(G68:P68)=0,"",AVERAGE(G68:P68)) | R68: =IF(COUNT(G68:P68)<2,"",STDEV(G68:P68)) | S68: =COUNT(G68:P68) -> 0
A69: C07 | B69: FP32 | C69: late | D69: mant_low | E69: 16 | F69: automobile | G69: =Runs!O1763 | H69: =Runs!O1774 | I69: =Runs!O1785 | J69: =Runs!O1796 | K69: =Runs!O1807 | L69: =Runs!O1818 | M69: =Runs!O1829 | N69: =Runs!O1840 | O69: =Runs!O1851 | P69: =Runs!O1862 | Q69: =IF(COUNT(G69:P69)=0,"",AVERAGE(G69:P69)) | R69: =IF(COUNT(G69:P69)<2,"",STDEV(G69:P69)) | S69: =COUNT(G69:P69) -> 0
A70: C07 | B70: FP32 | C70: late | D70: mant_low | E70: 16 | F70: bird | G70: =Runs!O1764 | H70: =Runs!O1775 | I70: =Runs!O1786 | J70: =Runs!O1797 | K70: =Runs!O1808 | L70: =Runs!O1819 | M70: =Runs!O1830 | N70: =Runs!O1841 | O70: =Runs!O1852 | P70: =Runs!O1863 | Q70: =IF(COUNT(G70:P70)=0,"",AVERAGE(G70:P70)) | R70: =IF(COUNT(G70:P70)<2,"",STDEV(G70:P70)) | S70: =COUNT(G70:P70) -> 0
A71: C07 | B71: FP32 | C71: late | D71: mant_low | E71: 16 | F71: cat | G71: =Runs!O1765 | H71: =Runs!O1776 | I71: =Runs!O1787 | J71: =Runs!O1798 | K71: =Runs!O1809 | L71: =Runs!O1820 | M71: =Runs!O1831 | N71: =Runs!O1842 | O71: =Runs!O1853 | P71: =Runs!O1864 | Q71: =IF(COUNT(G71:P71)=0,"",AVERAGE(G71:P71)) | R71: =IF(COUNT(G71:P71)<2,"",STDEV(G71:P71)) | S71: =COUNT(G71:P71) -> 0
A72: C07 | B72: FP32 | C72: late | D72: mant_low | E72: 16 | F72: deer | G72: =Runs!O1766 | H72: =Runs!O1777 | I72: =Runs!O1788 | J72: =Runs!O1799 | K72: =Runs!O1810 | L72: =Runs!O1821 | M72: =Runs!O1832 | N72: =Runs!O1843 | O72: =Runs!O1854 | P72: =Runs!O1865 | Q72: =IF(COUNT(G72:P72)=0,"",AVERAGE(G72:P72)) | R72: =IF(COUNT(G72:P72)<2,"",STDEV(G72:P72)) | S72: =COUNT(G72:P72) -> 0
A73: C07 | B73: FP32 | C73: late | D73: mant_low | E73: 16 | F73: dog | G73: =Runs!O1767 | H73: =Runs!O1778 | I73: =Runs!O1789 | J73: =Runs!O1800 | K73: =Runs!O1811 | L73: =Runs!O1822 | M73: =Runs!O1833 | N73: =Runs!O1844 | O73: =Runs!O1855 | P73: =Runs!O1866 | Q73: =IF(COUNT(G73:P73)=0,"",AVERAGE(G73:P73)) | R73: =IF(COUNT(G73:P73)<2,"",STDEV(G73:P73)) | S73: =COUNT(G73:P73) -> 0
A74: C07 | B74: FP32 | C74: late | D74: mant_low | E74: 16 | F74: frog | G74: =Runs!O1768 | H74: =Runs!O1779 | I74: =Runs!O1790 | J74: =Runs!O1801 | K74: =Runs!O1812 | L74: =Runs!O1823 | M74: =Runs!O1834 | N74: =Runs!O1845 | O74: =Runs!O1856 | P74: =Runs!O1867 | Q74: =IF(COUNT(G74:P74)=0,"",AVERAGE(G74:P74)) | R74: =IF(COUNT(G74:P74)<2,"",STDEV(G74:P74)) | S74: =COUNT(G74:P74) -> 0
A75: C07 | B75: FP32 | C75: late | D75: mant_low | E75: 16 | F75: horse | G75: =Runs!O1769 | H75: =Runs!O1780 | I75: =Runs!O1791 | J75: =Runs!O1802 | K75: =Runs!O1813 | L75: =Runs!O1824 | M75: =Runs!O1835 | N75: =Runs!O1846 | O75: =Runs!O1857 | P75: =Runs!O1868 | Q75: =IF(COUNT(G75:P75)=0,"",AVERAGE(G75:P75)) | R75: =IF(COUNT(G75:P75)<2,"",STDEV(G75:P75)) | S75: =COUNT(G75:P75) -> 0
A76: C07 | B76: FP32 | C76: late | D76: mant_low | E76: 16 | F76: ship | G76: =Runs!O1770 | H76: =Runs!O1781 | I76: =Runs!O1792 | J76: =Runs!O1803 | K76: =Runs!O1814 | L76: =Runs!O1825 | M76: =Runs!O1836 | N76: =Runs!O1847 | O76: =Runs!O1858 | P76: =Runs!O1869 | Q76: =IF(COUNT(G76:P76)=0,"",AVERAGE(G76:P76)) | R76: =IF(COUNT(G76:P76)<2,"",STDEV(G76:P76)) | S76: =COUNT(G76:P76) -> 0
A77: C07 | B77: FP32 | C77: late | D77: mant_low | E77: 16 | F77: truck | G77: =Runs!O1771 -> 0.5 | H77: =Runs!O1782 -> 0.5 | I77: =Runs!O1793 -> 0.5 | J77: =Runs!O1804 -> 0.5 | K77: =Runs!O1815 -> 0.5 | L77: =Runs!O1826 -> 0.5 | M77: =Runs!O1837 -> 0.5 | N77: =Runs!O1848 -> 0.5 | O77: =Runs!O1859 -> 0.5 | P77: =Runs!O1870 -> 0.5 | Q77: =IF(COUNT(G77:P77)=0,"",AVERAGE(G77:P77)) -> 0.5 | R77: =IF(COUNT(G77:P77)<2,"",STDEV(G77:P77)) -> 0 | S77: =COUNT(G77:P77) -> 10
A78: C07 | B78: FP32 | C78: late | D78: mant_low | E78: 16 | F78: ALL | G78: =Runs!O1772 -> 0.5 | H78: =Runs!O1783 -> 0.5 | I78: =Runs!O1794 -> 0.5 | J78: =Runs!O1805 -> 0.5 | K78: =Runs!O1816 -> 0.5 | L78: =Runs!O1827 -> 0.5 | M78: =Runs!O1838 -> 0.5 | N78: =Runs!O1849 -> 0.5 | O78: =Runs!O1860 -> 0.5 | P78: =Runs!O1871 -> 0.5 | Q78: =IF(COUNT(G78:P78)=0,"",AVERAGE(G78:P78)) -> 0.5 | R78: =IF(COUNT(G78:P78)<2,"",STDEV(G78:P78)) -> 0 | S78: =COUNT(G78:P78) -> 10
A79: C08 | B79: INT8 | C79: early | D79: sign | E79: 4 | F79: airplane | G79: =Runs!O1872 | H79: =Runs!O1883 | I79: =Runs!O1894 | J79: =Runs!O1905 | K79: =Runs!O1916 | L79: =Runs!O1927 | M79: =Runs!O1938 | N79: =Runs!O1949 | O79: =Runs!O1960 | P79: =Runs!O1971 | Q79: =IF(COUNT(G79:P79)=0,"",AVERAGE(G79:P79)) | R79: =IF(COUNT(G79:P79)<2,"",STDEV(G79:P79)) | S79: =COUNT(G79:P79) -> 0
A80: C08 | B80: INT8 | C80: early | D80: sign | E80: 4 | F80: automobile | G80: =Runs!O1873 | H80: =Runs!O1884 | I80: =Runs!O1895 | J80: =Runs!O1906 | K80: =Runs!O1917 | L80: =Runs!O1928 | M80: =Runs!O1939 | N80: =Runs!O1950 | O80: =Runs!O1961 | P80: =Runs!O1972 | Q80: =IF(COUNT(G80:P80)=0,"",AVERAGE(G80:P80)) | R80: =IF(COUNT(G80:P80)<2,"",STDEV(G80:P80)) | S80: =COUNT(G80:P80) -> 0
A81: C08 | B81: INT8 | C81: early | D81: sign | E81: 4 | F81: bird | G81: =Runs!O1874 | H81: =Runs!O1885 -> 1 | I81: =Runs!O1896 | J81: =Runs!O1907 | K81: =Runs!O1918 | L81: =Runs!O1929 | M81: =Runs!O1940 | N81: =Runs!O1951 | O81: =Runs!O1962 | P81: =Runs!O1973 | Q81: =IF(COUNT(G81:P81)=0,"",AVERAGE(G81:P81)) -> 1 | R81: =IF(COUNT(G81:P81)<2,"",STDEV(G81:P81)) | S81: =COUNT(G81:P81) -> 1
A82: C08 | B82: INT8 | C82: early | D82: sign | E82: 4 | F82: cat | G82: =Runs!O1875 | H82: =Runs!O1886 | I82: =Runs!O1897 | J82: =Runs!O1908 | K82: =Runs!O1919 | L82: =Runs!O1930 | M82: =Runs!O1941 | N82: =Runs!O1952 | O82: =Runs!O1963 | P82: =Runs!O1974 | Q82: =IF(COUNT(G82:P82)=0,"",AVERAGE(G82:P82)) | R82: =IF(COUNT(G82:P82)<2,"",STDEV(G82:P82)) | S82: =COUNT(G82:P82) -> 0
A83: C08 | B83: INT8 | C83: early | D83: sign | E83: 4 | F83: deer | G83: =Runs!O1876 | H83: =Runs!O1887 | I83: =Runs!O1898 | J83: =Runs!O1909 | K83: =Runs!O1920 | L83: =Runs!O1931 | M83: =Runs!O1942 | N83: =Runs!O1953 | O83: =Runs!O1964 | P83: =Runs!O1975 | Q83: =IF(COUNT(G83:P83)=0,"",AVERAGE(G83:P83)) | R83: =IF(COUNT(G83:P83)<2,"",STDEV(G83:P83)) | S83: =COUNT(G83:P83) -> 0
A84: C08 | B84: INT8 | C84: early | D84: sign | E84: 4 | F84: dog | G84: =Runs!O1877 | H84: =Runs!O1888 | I84: =Runs!O1899 | J84: =Runs!O1910 | K84: =Runs!O1921 | L84: =Runs!O1932 | M84: =Runs!O1943 | N84: =Runs!O1954 | O84: =Runs!O1965 -> 1 | P84: =Runs!O1976 | Q84: =IF(COUNT(G84:P84)=0,"",AVERAGE(G84:P84)) -> 1 | R84: =IF(COUNT(G84:P84)<2,"",STDEV(G84:P84)) | S84: =COUNT(G84:P84) -> 1
A85: C08 | B85: INT8 | C85: early | D85: sign | E85: 4 | F85: frog | G85: =Runs!O1878 | H85: =Runs!O1889 | I85: =Runs!O1900 | J85: =Runs!O1911 | K85: =Runs!O1922 | L85: =Runs!O1933 | M85: =Runs!O1944 | N85: =Runs!O1955 | O85: =Runs!O1966 -> 1 | P85: =Runs!O1977 | Q85: =IF(COUNT(G85:P85)=0,"",AVERAGE(G85:P85)) -> 1 | R85: =IF(COUNT(G85:P85)<2,"",STDEV(G85:P85)) | S85: =COUNT(G85:P85) -> 1
A86: C08 | B86: INT8 | C86: early | D86: sign | E86: 4 | F86: horse | G86: =Runs!O1879 | H86: =Runs!O1890 | I86: =Runs!O1901 | J86: =Runs!O1912 | K86: =Runs!O1923 | L86: =Runs!O1934 | M86: =Runs!O1945 | N86: =Runs!O1956 | O86: =Runs!O1967 | P86: =Runs!O1978 | Q86: =IF(COUNT(G86:P86)=0,"",AVERAGE(G86:P86)) | R86: =IF(COUNT(G86:P86)<2,"",STDEV(G86:P86)) | S86: =COUNT(G86:P86) -> 0
A87: C08 | B87: INT8 | C87: early | D87: sign | E87: 4 | F87: ship | G87: =Runs!O1880 | H87: =Runs!O1891 | I87: =Runs!O1902 | J87: =Runs!O1913 | K87: =Runs!O1924 | L87: =Runs!O1935 | M87: =Runs!O1946 | N87: =Runs!O1957 | O87: =Runs!O1968 | P87: =Runs!O1979 | Q87: =IF(COUNT(G87:P87)=0,"",AVERAGE(G87:P87)) | R87: =IF(COUNT(G87:P87)<2,"",STDEV(G87:P87)) | S87: =COUNT(G87:P87) -> 0
A88: C08 | B88: INT8 | C88: early | D88: sign | E88: 4 | F88: truck | G88: =Runs!O1881 -> 0.5 | H88: =Runs!O1892 -> 0.5 | I88: =Runs!O1903 -> 0.5 | J88: =Runs!O1914 -> 0 | K88: =Runs!O1925 -> 0.5 | L88: =Runs!O1936 -> 0.5 | M88: =Runs!O1947 -> 0.5 | N88: =Runs!O1958 -> 0.5 | O88: =Runs!O1969 -> 0 | P88: =Runs!O1980 -> 0.5 | Q88: =IF(COUNT(G88:P88)=0,"",AVERAGE(G88:P88)) -> 0.4 | R88: =IF(COUNT(G88:P88)<2,"",STDEV(G88:P88)) -> 0.21081851 | S88: =COUNT(G88:P88) -> 10
A89: C08 | B89: INT8 | C89: early | D89: sign | E89: 4 | F89: ALL | G89: =Runs!O1882 -> 0.5 | H89: =Runs!O1893 -> 0.66666667 | I89: =Runs!O1904 -> 0.5 | J89: =Runs!O1915 -> 0 | K89: =Runs!O1926 -> 0.5 | L89: =Runs!O1937 -> 0.5 | M89: =Runs!O1948 -> 0.5 | N89: =Runs!O1959 -> 0.5 | O89: =Runs!O1970 -> 0.66666667 | P89: =Runs!O1981 -> 0.5 | Q89: =IF(COUNT(G89:P89)=0,"",AVERAGE(G89:P89)) -> 0.48333333 | R89: =IF(COUNT(G89:P89)<2,"",STDEV(G89:P89)) -> 0.18341749 | S89: =COUNT(G89:P89) -> 10
A90: C09 | B90: INT8 | C90: late | D90: msb | E90: 16 | F90: airplane | G90: =Runs!O1982 | H90: =Runs!O1993 | I90: =Runs!O2004 | J90: =Runs!O2015 | K90: =Runs!O2026 | L90: =Runs!O2037 | M90: =Runs!O2048 | N90: =Runs!O2059 | O90: =Runs!O2070 | P90: =Runs!O2081 | Q90: =IF(COUNT(G90:P90)=0,"",AVERAGE(G90:P90)) | R90: =IF(COUNT(G90:P90)<2,"",STDEV(G90:P90)) | S90: =COUNT(G90:P90) -> 0
A91: C09 | B91: INT8 | C91: late | D91: msb | E91: 16 | F91: automobile | G91: =Runs!O1983 | H91: =Runs!O1994 | I91: =Runs!O2005 | J91: =Runs!O2016 | K91: =Runs!O2027 | L91: =Runs!O2038 | M91: =Runs!O2049 | N91: =Runs!O2060 | O91: =Runs!O2071 | P91: =Runs!O2082 | Q91: =IF(COUNT(G91:P91)=0,"",AVERAGE(G91:P91)) | R91: =IF(COUNT(G91:P91)<2,"",STDEV(G91:P91)) | S91: =COUNT(G91:P91) -> 0
A92: C09 | B92: INT8 | C92: late | D92: msb | E92: 16 | F92: bird | G92: =Runs!O1984 | H92: =Runs!O1995 | I92: =Runs!O2006 | J92: =Runs!O2017 | K92: =Runs!O2028 | L92: =Runs!O2039 | M92: =Runs!O2050 | N92: =Runs!O2061 | O92: =Runs!O2072 | P92: =Runs!O2083 | Q92: =IF(COUNT(G92:P92)=0,"",AVERAGE(G92:P92)) | R92: =IF(COUNT(G92:P92)<2,"",STDEV(G92:P92)) | S92: =COUNT(G92:P92) -> 0
A93: C09 | B93: INT8 | C93: late | D93: msb | E93: 16 | F93: cat | G93: =Runs!O1985 -> 1 | H93: =Runs!O1996 | I93: =Runs!O2007 | J93: =Runs!O2018 | K93: =Runs!O2029 | L93: =Runs!O2040 | M93: =Runs!O2051 | N93: =Runs!O2062 | O93: =Runs!O2073 | P93: =Runs!O2084 | Q93: =IF(COUNT(G93:P93)=0,"",AVERAGE(G93:P93)) -> 1 | R93: =IF(COUNT(G93:P93)<2,"",STDEV(G93:P93)) | S93: =COUNT(G93:P93) -> 1
A94: C09 | B94: INT8 | C94: late | D94: msb | E94: 16 | F94: deer | G94: =Runs!O1986 -> 1 | H94: =Runs!O1997 | I94: =Runs!O2008 | J94: =Runs!O2019 | K94: =Runs!O2030 | L94: =Runs!O2041 | M94: =Runs!O2052 | N94: =Runs!O2063 | O94: =Runs!O2074 | P94: =Runs!O2085 | Q94: =IF(COUNT(G94:P94)=0,"",AVERAGE(G94:P94)) -> 1 | R94: =IF(COUNT(G94:P94)<2,"",STDEV(G94:P94)) | S94: =COUNT(G94:P94) -> 1
A95: C09 | B95: INT8 | C95: late | D95: msb | E95: 16 | F95: dog | G95: =Runs!O1987 | H95: =Runs!O1998 | I95: =Runs!O2009 | J95: =Runs!O2020 | K95: =Runs!O2031 | L95: =Runs!O2042 | M95: =Runs!O2053 | N95: =Runs!O2064 | O95: =Runs!O2075 | P95: =Runs!O2086 | Q95: =IF(COUNT(G95:P95)=0,"",AVERAGE(G95:P95)) | R95: =IF(COUNT(G95:P95)<2,"",STDEV(G95:P95)) | S95: =COUNT(G95:P95) -> 0
A96: C09 | B96: INT8 | C96: late | D96: msb | E96: 16 | F96: frog | G96: =Runs!O1988 | H96: =Runs!O1999 | I96: =Runs!O2010 | J96: =Runs!O2021 | K96: =Runs!O2032 | L96: =Runs!O2043 | M96: =Runs!O2054 | N96: =Runs!O2065 | O96: =Runs!O2076 | P96: =Runs!O2087 | Q96: =IF(COUNT(G96:P96)=0,"",AVERAGE(G96:P96)) | R96: =IF(COUNT(G96:P96)<2,"",STDEV(G96:P96)) | S96: =COUNT(G96:P96) -> 0
A97: C09 | B97: INT8 | C97: late | D97: msb | E97: 16 | F97: horse | G97: =Runs!O1989 -> 1 | H97: =Runs!O2000 | I97: =Runs!O2011 | J97: =Runs!O2022 | K97: =Runs!O2033 | L97: =Runs!O2044 | M97: =Runs!O2055 | N97: =Runs!O2066 | O97: =Runs!O2077 | P97: =Runs!O2088 | Q97: =IF(COUNT(G97:P97)=0,"",AVERAGE(G97:P97)) -> 1 | R97: =IF(COUNT(G97:P97)<2,"",STDEV(G97:P97)) | S97: =COUNT(G97:P97) -> 1
A98: C09 | B98: INT8 | C98: late | D98: msb | E98: 16 | F98: ship | G98: =Runs!O1990 | H98: =Runs!O2001 | I98: =Runs!O2012 | J98: =Runs!O2023 | K98: =Runs!O2034 | L98: =Runs!O2045 | M98: =Runs!O2056 | N98: =Runs!O2067 | O98: =Runs!O2078 | P98: =Runs!O2089 | Q98: =IF(COUNT(G98:P98)=0,"",AVERAGE(G98:P98)) | R98: =IF(COUNT(G98:P98)<2,"",STDEV(G98:P98)) | S98: =COUNT(G98:P98) -> 0
A99: C09 | B99: INT8 | C99: late | D99: msb | E99: 16 | F99: truck | G99: =Runs!O1991 -> 0.5 | H99: =Runs!O2002 -> 0.5 | I99: =Runs!O2013 -> 0.5 | J99: =Runs!O2024 -> 0.5 | K99: =Runs!O2035 -> 0.5 | L99: =Runs!O2046 -> 0.5 | M99: =Runs!O2057 -> 0.5 | N99: =Runs!O2068 -> 0.5 | O99: =Runs!O2079 -> 0.5 | P99: =Runs!O2090 -> 0.5 | Q99: =IF(COUNT(G99:P99)=0,"",AVERAGE(G99:P99)) -> 0.5 | R99: =IF(COUNT(G99:P99)<2,"",STDEV(G99:P99)) -> 0 | S99: =COUNT(G99:P99) -> 10
A100: C09 | B100: INT8 | C100: late | D100: msb | E100: 16 | F100: ALL | G100: =Runs!O1992 -> 0.83333333 | H100: =Runs!O2003 -> 0.5 | I100: =Runs!O2014 -> 0.5 | J100: =Runs!O2025 -> 0.5 | K100: =Runs!O2036 -> 0.5 | L100: =Runs!O2047 -> 0.5 | M100: =Runs!O2058 -> 0.5 | N100: =Runs!O2069 -> 0.5 | O100: =Runs!O2080 -> 0.5 | P100: =Runs!O2091 -> 0.5 | Q100: =IF(COUNT(G100:P100)=0,"",AVERAGE(G100:P100)) -> 0.53333333 | R100: =IF(COUNT(G100:P100)<2,"",STDEV(G100:P100)) -> 0.10540926 | S100: =COUNT(G100:P100) -> 10
...

Sheet F1
A1: Config | B1: Format | C1: Where | D1: Which bit | E1: Flips | F1: Class | G1: Rep 1 | H1: Rep 2 | I1: Rep 3 | J1: Rep 4 | K1: Rep 5 | L1: Rep 6 | M1: Rep 7 | N1: Rep 8 | O1: Rep 9 | P1: Rep 10 | Q1: Mean | R1: SD | S1: N
A2: C01 | B2: FP32 | C2: early | D2: sign | E2: 16 | F2: airplane | G2: =Runs!P1102 -> 0 | H2: =Runs!P1113 -> 0 | I2: =Runs!P1124 -> 0 | J2: =Runs!P1135 -> 0 | K2: =Runs!P1146 -> 0 | L2: =Runs!P1157 -> 0 | M2: =Runs!P1168 -> 0 | N2: =Runs!P1179 -> 0 | O2: =Runs!P1190 -> 0 | P2: =Runs!P1201 -> 0 | Q2: =IF(COUNT(G2:P2)=0,"",AVERAGE(G2:P2)) -> 0 | R2: =IF(COUNT(G2:P2)<2,"",STDEV(G2:P2)) -> 0 | S2: =COUNT(G2:P2) -> 10
A3: C01 | B3: FP32 | C3: early | D3: sign | E3: 16 | F3: automobile | G3: =Runs!P1103 -> 0.095238095 | H3: =Runs!P1114 -> 0 | I3: =Runs!P1125 -> 0 | J3: =Runs!P1136 -> 0 | K3: =Runs!P1147 -> 0 | L3: =Runs!P1158 -> 0 | M3: =Runs!P1169 -> 0 | N3: =Runs!P1180 -> 0 | O3: =Runs!P1191 -> 0 | P3: =Runs!P1202 -> 0 | Q3: =IF(COUNT(G3:P3)=0,"",AVERAGE(G3:P3)) -> 0.0095238095 | R3: =IF(COUNT(G3:P3)<2,"",STDEV(G3:P3)) -> 0.03011693 | S3: =COUNT(G3:P3) -> 10
A4: C01 | B4: FP32 | C4: early | D4: sign | E4: 16 | F4: bird | G4: =Runs!P1104 -> 0 | H4: =Runs!P1115 -> 0 | I4: =Runs!P1126 -> 0 | J4: =Runs!P1137 -> 0 | K4: =Runs!P1148 -> 0 | L4: =Runs!P1159 -> 0 | M4: =Runs!P1170 -> 0 | N4: =Runs!P1181 -> 0 | O4: =Runs!P1192 -> 0 | P4: =Runs!P1203 -> 0 | Q4: =IF(COUNT(G4:P4)=0,"",AVERAGE(G4:P4)) -> 0 | R4: =IF(COUNT(G4:P4)<2,"",STDEV(G4:P4)) -> 0 | S4: =COUNT(G4:P4) -> 10
A5: C01 | B5: FP32 | C5: early | D5: sign | E5: 16 | F5: cat | G5: =Runs!P1105 -> 0 | H5: =Runs!P1116 -> 0 | I5: =Runs!P1127 -> 0 | J5: =Runs!P1138 -> 0 | K5: =Runs!P1149 -> 0 | L5: =Runs!P1160 -> 0 | M5: =Runs!P1171 -> 0 | N5: =Runs!P1182 -> 0 | O5: =Runs!P1193 -> 0 | P5: =Runs!P1204 -> 0 | Q5: =IF(COUNT(G5:P5)=0,"",AVERAGE(G5:P5)) -> 0 | R5: =IF(COUNT(G5:P5)<2,"",STDEV(G5:P5)) -> 0 | S5: =COUNT(G5:P5) -> 10
A6: C01 | B6: FP32 | C6: early | D6: sign | E6: 16 | F6: deer | G6: =Runs!P1106 -> 0 | H6: =Runs!P1117 -> 0 | I6: =Runs!P1128 -> 0 | J6: =Runs!P1139 -> 0 | K6: =Runs!P1150 -> 0 | L6: =Runs!P1161 -> 0 | M6: =Runs!P1172 -> 0 | N6: =Runs!P1183 -> 0 | O6: =Runs!P1194 -> 0 | P6: =Runs!P1205 -> 0 | Q6: =IF(COUNT(G6:P6)=0,"",AVERAGE(G6:P6)) -> 0 | R6: =IF(COUNT(G6:P6)<2,"",STDEV(G6:P6)) -> 0 | S6: =COUNT(G6:P6) -> 10
A7: C01 | B7: FP32 | C7: early | D7: sign | E7: 16 | F7: dog | G7: =Runs!P1107 -> 0 | H7: =Runs!P1118 -> 0 | I7: =Runs!P1129 -> 0 | J7: =Runs!P1140 -> 0 | K7: =Runs!P1151 -> 0 | L7: =Runs!P1162 -> 0 | M7: =Runs!P1173 -> 0 | N7: =Runs!P1184 -> 0 | O7: =Runs!P1195 -> 0 | P7: =Runs!P1206 -> 0 | Q7: =IF(COUNT(G7:P7)=0,"",AVERAGE(G7:P7)) -> 0 | R7: =IF(COUNT(G7:P7)<2,"",STDEV(G7:P7)) -> 0 | S7: =COUNT(G7:P7) -> 10
A8: C01 | B8: FP32 | C8: early | D8: sign | E8: 16 | F8: frog | G8: =Runs!P1108 -> 0 | H8: =Runs!P1119 -> 0 | I8: =Runs!P1130 -> 0 | J8: =Runs!P1141 -> 0 | K8: =Runs!P1152 -> 0.095238095 | L8: =Runs!P1163 -> 0 | M8: =Runs!P1174 -> 0 | N8: =Runs!P1185 -> 0.095238095 | O8: =Runs!P1196 -> 0.095238095 | P8: =Runs!P1207 -> 0 | Q8: =IF(COUNT(G8:P8)=0,"",AVERAGE(G8:P8)) -> 0.028571429 | R8: =IF(COUNT(G8:P8)<2,"",STDEV(G8:P8)) -> 0.046004371 | S8: =COUNT(G8:P8) -> 10
A9: C01 | B9: FP32 | C9: early | D9: sign | E9: 16 | F9: horse | G9: =Runs!P1109 -> 0 | H9: =Runs!P1120 -> 0 | I9: =Runs!P1131 -> 0 | J9: =Runs!P1142 -> 0 | K9: =Runs!P1153 -> 0 | L9: =Runs!P1164 -> 0 | M9: =Runs!P1175 -> 0 | N9: =Runs!P1186 -> 0 | O9: =Runs!P1197 -> 0 | P9: =Runs!P1208 -> 0 | Q9: =IF(COUNT(G9:P9)=0,"",AVERAGE(G9:P9)) -> 0 | R9: =IF(COUNT(G9:P9)<2,"",STDEV(G9:P9)) -> 0 | S9: =COUNT(G9:P9) -> 10
A10: C01 | B10: FP32 | C10: early | D10: sign | E10: 16 | F10: ship | G10: =Runs!P1110 -> 0 | H10: =Runs!P1121 -> 0 | I10: =Runs!P1132 -> 0 | J10: =Runs!P1143 -> 0 | K10: =Runs!P1154 -> 0 | L10: =Runs!P1165 -> 0 | M10: =Runs!P1176 -> 0 | N10: =Runs!P1187 -> 0 | O10: =Runs!P1198 -> 0 | P10: =Runs!P1209 -> 0 | Q10: =IF(COUNT(G10:P10)=0,"",AVERAGE(G10:P10)) -> 0 | R10: =IF(COUNT(G10:P10)<2,"",STDEV(G10:P10)) -> 0 | S10: =COUNT(G10:P10) -> 10
A11: C01 | B11: FP32 | C11: early | D11: sign | E11: 16 | F11: truck | G11: =Runs!P1111 -> 0 | H11: =Runs!P1122 -> 0.090909091 | I11: =Runs!P1133 -> 0.090909091 | J11: =Runs!P1144 -> 0.090909091 | K11: =Runs!P1155 -> 0.090909091 | L11: =Runs!P1166 -> 0 | M11: =Runs!P1177 -> 0.090909091 | N11: =Runs!P1188 -> 0 | O11: =Runs!P1199 -> 0.090909091 | P11: =Runs!P1210 -> 0.090909091 | Q11: =IF(COUNT(G11:P11)=0,"",AVERAGE(G11:P11)) -> 0.063636364 | R11: =IF(COUNT(G11:P11)<2,"",STDEV(G11:P11)) -> 0.043913263 | S11: =COUNT(G11:P11) -> 10
A12: C01 | B12: FP32 | C12: early | D12: sign | E12: 16 | F12: ALL | G12: =Runs!P1112 -> 0.0099009901 | H12: =Runs!P1123 -> 0.0099009901 | I12: =Runs!P1134 -> 0.0099009901 | J12: =Runs!P1145 -> 0.0099009901 | K12: =Runs!P1156 -> 0.019704433 | L12: =Runs!P1167 -> 0 | M12: =Runs!P1178 -> 0.0099009901 | N12: =Runs!P1189 -> 0.0099009901 | O12: =Runs!P1200 -> 0.019704433 | P12: =Runs!P1211 -> 0.0099009901 | Q12: =IF(COUNT(G12:P12)=0,"",AVERAGE(G12:P12)) -> 0.01087158 | R12: =IF(COUNT(G12:P12)<2,"",STDEV(G12:P12)) -> 0.0055859364 | S12: =COUNT(G12:P12) -> 10
A13: C02 | B13: FP32 | C13: early | D13: exp_msb | E13: 1 | F13: airplane | G13: =Runs!P1212 -> 0 | H13: =Runs!P1223 -> 0 | I13: =Runs!P1234 -> 0 | J13: =Runs!P1245 -> 1 | K13: =Runs!P1256 -> 0 | L13: =Runs!P1267 -> 1 | M13: =Runs!P1278 -> 0 | N13: =Runs!P1289 -> 0 | O13: =Runs!P1300 -> 0 | P13: =Runs!P1311 -> 0 | Q13: =IF(COUNT(G13:P13)=0,"",AVERAGE(G13:P13)) -> 0.2 | R13: =IF(COUNT(G13:P13)<2,"",STDEV(G13:P13)) -> 0.42163702 | S13: =COUNT(G13:P13) -> 10
A14: C02 | B14: FP32 | C14: early | D14: exp_msb | E14: 1 | F14: automobile | G14: =Runs!P1213 -> 0 | H14: =Runs!P1224 -> 0 | I14: =Runs!P1235 -> 0 | J14: =Runs!P1246 -> 1 | K14: =Runs!P1257 -> 0 | L14: =Runs!P1268 -> 1 | M14: =Runs!P1279 -> 0 | N14: =Runs!P1290 -> 0 | O14: =Runs!P1301 -> 0 | P14: =Runs!P1312 -> 0 | Q14: =IF(COUNT(G14:P14)=0,"",AVERAGE(G14:P14)) -> 0.2 | R14: =IF(COUNT(G14:P14)<2,"",STDEV(G14:P14)) -> 0.42163702 | S14: =COUNT(G14:P14) -> 10
A15: C02 | B15: FP32 | C15: early | D15: exp_msb | E15: 1 | F15: bird | G15: =Runs!P1214 -> 0 | H15: =Runs!P1225 -> 0 | I15: =Runs!P1236 -> 0 | J15: =Runs!P1247 -> 1 | K15: =Runs!P1258 -> 0 | L15: =Runs!P1269 -> 1 | M15: =Runs!P1280 -> 0 | N15: =Runs!P1291 -> 0 | O15: =Runs!P1302 -> 0 | P15: =Runs!P1313 -> 0 | Q15: =IF(COUNT(G15:P15)=0,"",AVERAGE(G15:P15)) -> 0.2 | R15: =IF(COUNT(G15:P15)<2,"",STDEV(G15:P15)) -> 0.42163702 | S15: =COUNT(G15:P15) -> 10
A16: C02 | B16: FP32 | C16: early | D16: exp_msb | E16: 1 | F16: cat | G16: =Runs!P1215 -> 0 | H16: =Runs!P1226 -> 0 | I16: =Runs!P1237 -> 0 | J16: =Runs!P1248 -> 1 | K16: =Runs!P1259 -> 0 | L16: =Runs!P1270 -> 1 | M16: =Runs!P1281 -> 0 | N16: =Runs!P1292 -> 0 | O16: =Runs!P1303 -> 0 | P16: =Runs!P1314 -> 0 | Q16: =IF(COUNT(G16:P16)=0,"",AVERAGE(G16:P16)) -> 0.2 | R16: =IF(COUNT(G16:P16)<2,"",STDEV(G16:P16)) -> 0.42163702 | S16: =COUNT(G16:P16) -> 10
A17: C02 | B17: FP32 | C17: early | D17: exp_msb | E17: 1 | F17: deer | G17: =Runs!P1216 -> 0 | H17: =Runs!P1227 -> 0 | I17: =Runs!P1238 -> 0 | J17: =Runs!P1249 -> 1 | K17: =Runs!P1260 -> 0 | L17: =Runs!P1271 -> 1 | M17: =Runs!P1282 -> 0 | N17: =Runs!P1293 -> 0 | O17: =Runs!P1304 -> 0 | P17: =Runs!P1315 -> 0 | Q17: =IF(COUNT(G17:P17)=0,"",AVERAGE(G17:P17)) -> 0.2 | R17: =IF(COUNT(G17:P17)<2,"",STDEV(G17:P17)) -> 0.42163702 | S17: =COUNT(G17:P17) -> 10
A18: C02 | B18: FP32 | C18: early | D18: exp_msb | E18: 1 | F18: dog | G18: =Runs!P1217 -> 0 | H18: =Runs!P1228 -> 0 | I18: =Runs!P1239 -> 0 | J18: =Runs!P1250 -> 1 | K18: =Runs!P1261 -> 0 | L18: =Runs!P1272 -> 1 | M18: =Runs!P1283 -> 0 | N18: =Runs!P1294 -> 0 | O18: =Runs!P1305 -> 0 | P18: =Runs!P1316 -> 0 | Q18: =IF(COUNT(G18:P18)=0,"",AVERAGE(G18:P18)) -> 0.2 | R18: =IF(COUNT(G18:P18)<2,"",STDEV(G18:P18)) -> 0.42163702 | S18: =COUNT(G18:P18) -> 10
A19: C02 | B19: FP32 | C19: early | D19: exp_msb | E19: 1 | F19: frog | G19: =Runs!P1218 -> 0 | H19: =Runs!P1229 -> 0 | I19: =Runs!P1240 -> 0 | J19: =Runs!P1251 -> 1 | K19: =Runs!P1262 -> 0 | L19: =Runs!P1273 -> 1 | M19: =Runs!P1284 -> 0 | N19: =Runs!P1295 -> 0 | O19: =Runs!P1306 -> 0 | P19: =Runs!P1317 -> 0 | Q19: =IF(COUNT(G19:P19)=0,"",AVERAGE(G19:P19)) -> 0.2 | R19: =IF(COUNT(G19:P19)<2,"",STDEV(G19:P19)) -> 0.42163702 | S19: =COUNT(G19:P19) -> 10
A20: C02 | B20: FP32 | C20: early | D20: exp_msb | E20: 1 | F20: horse | G20: =Runs!P1219 -> 0 | H20: =Runs!P1230 -> 0 | I20: =Runs!P1241 -> 0 | J20: =Runs!P1252 -> 1 | K20: =Runs!P1263 -> 0 | L20: =Runs!P1274 -> 1 | M20: =Runs!P1285 -> 0 | N20: =Runs!P1296 -> 0 | O20: =Runs!P1307 -> 0 | P20: =Runs!P1318 -> 0 | Q20: =IF(COUNT(G20:P20)=0,"",AVERAGE(G20:P20)) -> 0.2 | R20: =IF(COUNT(G20:P20)<2,"",STDEV(G20:P20)) -> 0.42163702 | S20: =COUNT(G20:P20) -> 10
A21: C02 | B21: FP32 | C21: early | D21: exp_msb | E21: 1 | F21: ship | G21: =Runs!P1220 -> 0 | H21: =Runs!P1231 -> 0 | I21: =Runs!P1242 -> 0 | J21: =Runs!P1253 -> 1 | K21: =Runs!P1264 -> 0 | L21: =Runs!P1275 -> 1 | M21: =Runs!P1286 -> 0 | N21: =Runs!P1297 -> 0 | O21: =Runs!P1308 -> 0 | P21: =Runs!P1319 -> 0 | Q21: =IF(COUNT(G21:P21)=0,"",AVERAGE(G21:P21)) -> 0.2 | R21: =IF(COUNT(G21:P21)<2,"",STDEV(G21:P21)) -> 0.42163702 | S21: =COUNT(G21:P21) -> 10
A22: C02 | B22: FP32 | C22: early | D22: exp_msb | E22: 1 | F22: truck | G22: =Runs!P1221 -> 0.090909091 | H22: =Runs!P1232 -> 0.090909091 | I22: =Runs!P1243 -> 0.090909091 | J22: =Runs!P1254 -> 0.97560976 | K22: =Runs!P1265 -> 0.090909091 | L22: =Runs!P1276 -> 0.97560976 | M22: =Runs!P1287 -> 0.090909091 | N22: =Runs!P1298 -> 0.090909091 | O22: =Runs!P1309 -> 0.090909091 | P22: =Runs!P1320 -> 0.090909091 | Q22: =IF(COUNT(G22:P22)=0,"",AVERAGE(G22:P22)) -> 0.26784922 | R22: =IF(COUNT(G22:P22)<2,"",STDEV(G22:P22)) -> 0.37302255 | S22: =COUNT(G22:P22) -> 10
A23: C02 | B23: FP32 | C23: early | D23: exp_msb | E23: 1 | F23: ALL | G23: =Runs!P1222 -> 0.0099009901 | H23: =Runs!P1233 -> 0.0099009901 | I23: =Runs!P1244 -> 0.0099009901 | J23: =Runs!P1255 -> 0.99750623 | K23: =Runs!P1266 -> 0.0099009901 | L23: =Runs!P1277 -> 0.99750623 | M23: =Runs!P1288 -> 0.0099009901 | N23: =Runs!P1299 -> 0.0099009901 | O23: =Runs!P1310 -> 0.0099009901 | P23: =Runs!P1321 -> 0.0099009901 | Q23: =IF(COUNT(G23:P23)=0,"",AVERAGE(G23:P23)) -> 0.20742204 | R23: =IF(COUNT(G23:P23)<2,"",STDEV(G23:P23)) -> 0.41641093 | S23: =COUNT(G23:P23) -> 10
A24: C03 | B24: FP32 | C24: middle | D24: exp_msb | E24: 4 | F24: airplane | G24: =Runs!P1322 -> 1 | H24: =Runs!P1333 -> 0 | I24: =Runs!P1344 -> 1 | J24: =Runs!P1355 -> 0 | K24: =Runs!P1366 -> 0 | L24: =Runs!P1377 -> 0 | M24: =Runs!P1388 -> 1 | N24: =Runs!P1399 -> 1 | O24: =Runs!P1410 -> 1 | P24: =Runs!P1421 -> 0 | Q24: =IF(COUNT(G24:P24)=0,"",AVERAGE(G24:P24)) -> 0.5 | R24: =IF(COUNT(G24:P24)<2,"",STDEV(G24:P24)) -> 0.52704628 | S24: =COUNT(G24:P24) -> 10
A25: C03 | B25: FP32 | C25: middle | D25: exp_msb | E25: 4 | F25: automobile | G25: =Runs!P1323 -> 1 | H25: =Runs!P1334 -> 0 | I25: =Runs!P1345 -> 1 | J25: =Runs!P1356 -> 0 | K25: =Runs!P1367 -> 0 | L25: =Runs!P1378 -> 0 | M25: =Runs!P1389 -> 1 | N25: =Runs!P1400 -> 1 | O25: =Runs!P1411 -> 1 | P25: =Runs!P1422 -> 0 | Q25: =IF(COUNT(G25:P25)=0,"",AVERAGE(G25:P25)) -> 0.5 | R25: =IF(COUNT(G25:P25)<2,"",STDEV(G25:P25)) -> 0.52704628 | S25: =COUNT(G25:P25) -> 10
A26: C03 | B26: FP32 | C26: middle | D26: exp_msb | E26: 4 | F26: bird | G26: =Runs!P1324 -> 1 | H26: =Runs!P1335 -> 0 | I26: =Runs!P1346 -> 1 | J26: =Runs!P1357 -> 0 | K26: =Runs!P1368 -> 0 | L26: =Runs!P1379 -> 0 | M26: =Runs!P1390 -> 1 | N26: =Runs!P1401 -> 1 | O26: =Runs!P1412 -> 1 | P26: =Runs!P1423 -> 0 | Q26: =IF(COUNT(G26:P26)=0,"",AVERAGE(G26:P26)) -> 0.5 | R26: =IF(COUNT(G26:P26)<2,"",STDEV(G26:P26)) -> 0.52704628 | S26: =COUNT(G26:P26) -> 10
A27: C03 | B27: FP32 | C27: middle | D27: exp_msb | E27: 4 | F27: cat | G27: =Runs!P1325 -> 1 | H27: =Runs!P1336 -> 0 | I27: =Runs!P1347 -> 1 | J27: =Runs!P1358 -> 0 | K27: =Runs!P1369 -> 0 | L27: =Runs!P1380 -> 0 | M27: =Runs!P1391 -> 1 | N27: =Runs!P1402 -> 1 | O27: =Runs!P1413 -> 1 | P27: =Runs!P1424 -> 0 | Q27: =IF(COUNT(G27:P27)=0,"",AVERAGE(G27:P27)) -> 0.5 | R27: =IF(COUNT(G27:P27)<2,"",STDEV(G27:P27)) -> 0.52704628 | S27: =COUNT(G27:P27) -> 10
A28: C03 | B28: FP32 | C28: middle | D28: exp_msb | E28: 4 | F28: deer | G28: =Runs!P1326 -> 1 | H28: =Runs!P1337 -> 0 | I28: =Runs!P1348 -> 1 | J28: =Runs!P1359 -> 0 | K28: =Runs!P1370 -> 0 | L28: =Runs!P1381 -> 0 | M28: =Runs!P1392 -> 1 | N28: =Runs!P1403 -> 1 | O28: =Runs!P1414 -> 1 | P28: =Runs!P1425 -> 0 | Q28: =IF(COUNT(G28:P28)=0,"",AVERAGE(G28:P28)) -> 0.5 | R28: =IF(COUNT(G28:P28)<2,"",STDEV(G28:P28)) -> 0.52704628 | S28: =COUNT(G28:P28) -> 10
A29: C03 | B29: FP32 | C29: middle | D29: exp_msb | E29: 4 | F29: dog | G29: =Runs!P1327 -> 1 | H29: =Runs!P1338 -> 0 | I29: =Runs!P1349 -> 1 | J29: =Runs!P1360 -> 0 | K29: =Runs!P1371 -> 0 | L29: =Runs!P1382 -> 0 | M29: =Runs!P1393 -> 1 | N29: =Runs!P1404 -> 1 | O29: =Runs!P1415 -> 1 | P29: =Runs!P1426 -> 0 | Q29: =IF(COUNT(G29:P29)=0,"",AVERAGE(G29:P29)) -> 0.5 | R29: =IF(COUNT(G29:P29)<2,"",STDEV(G29:P29)) -> 0.52704628 | S29: =COUNT(G29:P29) -> 10
A30: C03 | B30: FP32 | C30: middle | D30: exp_msb | E30: 4 | F30: frog | G30: =Runs!P1328 -> 1 | H30: =Runs!P1339 -> 0 | I30: =Runs!P1350 -> 1 | J30: =Runs!P1361 -> 0 | K30: =Runs!P1372 -> 0 | L30: =Runs!P1383 -> 0 | M30: =Runs!P1394 -> 1 | N30: =Runs!P1405 -> 1 | O30: =Runs!P1416 -> 1 | P30: =Runs!P1427 -> 0 | Q30: =IF(COUNT(G30:P30)=0,"",AVERAGE(G30:P30)) -> 0.5 | R30: =IF(COUNT(G30:P30)<2,"",STDEV(G30:P30)) -> 0.52704628 | S30: =COUNT(G30:P30) -> 10
A31: C03 | B31: FP32 | C31: middle | D31: exp_msb | E31: 4 | F31: horse | G31: =Runs!P1329 -> 1 | H31: =Runs!P1340 -> 0 | I31: =Runs!P1351 -> 1 | J31: =Runs!P1362 -> 0 | K31: =Runs!P1373 -> 0 | L31: =Runs!P1384 -> 0 | M31: =Runs!P1395 -> 1 | N31: =Runs!P1406 -> 1 | O31: =Runs!P1417 -> 1 | P31: =Runs!P1428 -> 0 | Q31: =IF(COUNT(G31:P31)=0,"",AVERAGE(G31:P31)) -> 0.5 | R31: =IF(COUNT(G31:P31)<2,"",STDEV(G31:P31)) -> 0.52704628 | S31: =COUNT(G31:P31) -> 10
A32: C03 | B32: FP32 | C32: middle | D32: exp_msb | E32: 4 | F32: ship | G32: =Runs!P1330 -> 1 | H32: =Runs!P1341 -> 0 | I32: =Runs!P1352 -> 1 | J32: =Runs!P1363 -> 0 | K32: =Runs!P1374 -> 0 | L32: =Runs!P1385 -> 0 | M32: =Runs!P1396 -> 1 | N32: =Runs!P1407 -> 1 | O32: =Runs!P1418 -> 1 | P32: =Runs!P1429 -> 0 | Q32: =IF(COUNT(G32:P32)=0,"",AVERAGE(G32:P32)) -> 0.5 | R32: =IF(COUNT(G32:P32)<2,"",STDEV(G32:P32)) -> 0.52704628 | S32: =COUNT(G32:P32) -> 10
A33: C03 | B33: FP32 | C33: middle | D33: exp_msb | E33: 4 | F33: truck | G33: =Runs!P1331 -> 0.97560976 | H33: =Runs!P1342 -> 0.090909091 | I33: =Runs!P1353 -> 0.97560976 | J33: =Runs!P1364 -> 0.090909091 | K33: =Runs!P1375 -> 0.090909091 | L33: =Runs!P1386 -> 0.090909091 | M33: =Runs!P1397 -> 0.97560976 | N33: =Runs!P1408 -> 0.97560976 | O33: =Runs!P1419 -> 0.97560976 | P33: =Runs!P1430 -> 0.090909091 | Q33: =IF(COUNT(G33:P33)=0,"",AVERAGE(G33:P33)) -> 0.53325942 | R33: =IF(COUNT(G33:P33)<2,"",STDEV(G33:P33)) -> 0.46627819 | S33: =COUNT(G33:P33) -> 10
A34: C03 | B34: FP32 | C34: middle | D34: exp_msb | E34: 4 | F34: ALL | G34: =Runs!P1332 -> 0.99750623 | H34: =Runs!P1343 -> 0.0099009901 | I34: =Runs!P1354 -> 0.99750623 | J34: =Runs!P1365 -> 0.0099009901 | K34: =Runs!P1376 -> 0.0099009901 | L34: =Runs!P1387 -> 0.0099009901 | M34: =Runs!P1398 -> 0.99750623 | N34: =Runs!P1409 -> 0.99750623 | O34: =Runs!P1420 -> 0.99750623 | P34: =Runs!P1431 -> 0.0099009901 | Q34: =IF(COUNT(G34:P34)=0,"",AVERAGE(G34:P34)) -> 0.50370361 | R34: =IF(COUNT(G34:P34)<2,"",STDEV(G34:P34)) -> 0.52051367 | S34: =COUNT(G34:P34) -> 10
A35: C04 | B35: FP32 | C35: late | D35: exp_msb | E35: 1 | F35: airplane | G35: =Runs!P1432 -> 0 | H35: =Runs!P1443 -> 0 | I35: =Runs!P1454 -> 0 | J35: =Runs!P1465 -> 1 | K35: =Runs!P1476 -> 0 | L35: =Runs!P1487 -> 0 | M35: =Runs!P1498 -> 0 | N35: =Runs!P1509 -> 0 | O35: =Runs!P1520 -> 1 | P35: =Runs!P1531 -> 0 | Q35: =IF(COUNT(G35:P35)=0,"",AVERAGE(G35:P35)) -> 0.2 | R35: =IF(COUNT(G35:P35)<2,"",STDEV(G35:P35)) -> 0.42163702 | S35: =COUNT(G35:P35) -> 10
A36: C04 | B36: FP32 | C36: late | D36: exp_msb | E36: 1 | F36: automobile | G36: =Runs!P1433 -> 0 | H36: =Runs!P1444 -> 0 | I36: =Runs!P1455 -> 0 | J36: =Runs!P1466 -> 1 | K36: =Runs!P1477 -> 0 | L36: =Runs!P1488 -> 0 | M36: =Runs!P1499 -> 0 | N36: =Runs!P1510 -> 0 | O36: =Runs!P1521 -> 1 | P36: =Runs!P1532 -> 0 | Q36: =IF(COUNT(G36:P36)=0,"",AVERAGE(G36:P36)) -> 0.2 | R36: =IF(COUNT(G36:P36)<2,"",STDEV(G36:P36)) -> 0.42163702 | S36: =COUNT(G36:P36) -> 10
A37: C04 | B37: FP32 | C37: late | D37: exp_msb | E37: 1 | F37: bird | G37: =Runs!P1434 -> 0 | H37: =Runs!P1445 -> 0 | I37: =Runs!P1456 -> 0 | J37: =Runs!P1467 -> 1 | K37: =Runs!P1478 -> 0 | L37: =Runs!P1489 -> 0 | M37: =Runs!P1500 -> 0 | N37: =Runs!P1511 -> 0 | O37: =Runs!P1522 -> 1 | P37: =Runs!P1533 -> 0 | Q37: =IF(COUNT(G37:P37)=0,"",AVERAGE(G37:P37)) -> 0.2 | R37: =IF(COUNT(G37:P37)<2,"",STDEV(G37:P37)) -> 0.42163702 | S37: =COUNT(G37:P37) -> 10
A38: C04 | B38: FP32 | C38: late | D38: exp_msb | E38: 1 | F38: cat | G38: =Runs!P1435 -> 0 | H38: =Runs!P1446 -> 0 | I38: =Runs!P1457 -> 0 | J38: =Runs!P1468 -> 1 | K38: =Runs!P1479 -> 0 | L38: =Runs!P1490 -> 0 | M38: =Runs!P1501 -> 0 | N38: =Runs!P1512 -> 0 | O38: =Runs!P1523 -> 1 | P38: =Runs!P1534 -> 0 | Q38: =IF(COUNT(G38:P38)=0,"",AVERAGE(G38:P38)) -> 0.2 | R38: =IF(COUNT(G38:P38)<2,"",STDEV(G38:P38)) -> 0.42163702 | S38: =COUNT(G38:P38) -> 10
A39: C04 | B39: FP32 | C39: late | D39: exp_msb | E39: 1 | F39: deer | G39: =Runs!P1436 -> 0 | H39: =Runs!P1447 -> 0 | I39: =Runs!P1458 -> 0 | J39: =Runs!P1469 -> 1 | K39: =Runs!P1480 -> 0 | L39: =Runs!P1491 -> 0 | M39: =Runs!P1502 -> 0 | N39: =Runs!P1513 -> 0 | O39: =Runs!P1524 -> 0.94736842 | P39: =Runs!P1535 -> 0 | Q39: =IF(COUNT(G39:P39)=0,"",AVERAGE(G39:P39)) -> 0.19473684 | R39: =IF(COUNT(G39:P39)<2,"",STDEV(G39:P39)) -> 0.4107287 | S39: =COUNT(G39:P39) -> 10
A40: C04 | B40: FP32 | C40: late | D40: exp_msb | E40: 1 | F40: dog | G40: =Runs!P1437 -> 0 | H40: =Runs!P1448 -> 0 | I40: =Runs!P1459 -> 0 | J40: =Runs!P1470 -> 1 | K40: =Runs!P1481 -> 0 | L40: =Runs!P1492 -> 0 | M40: =Runs!P1503 -> 0 | N40: =Runs!P1514 -> 0 | O40: =Runs!P1525 -> 0.97435897 | P40: =Runs!P1536 -> 0 | Q40: =IF(COUNT(G40:P40)=0,"",AVERAGE(G40:P40)) -> 0.1974359 | R40: =IF(COUNT(G40:P40)<2,"",STDEV(G40:P40)) -> 0.41627529 | S40: =COUNT(G40:P40) -> 10
A41: C04 | B41: FP32 | C41: late | D41: exp_msb | E41: 1 | F41: frog | G41: =Runs!P1438 -> 0 | H41: =Runs!P1449 -> 0 | I41: =Runs!P1460 -> 0 | J41: =Runs!P1471 -> 1 | K41: =Runs!P1482 -> 0 | L41: =Runs!P1493 -> 0 | M41: =Runs!P1504 -> 0 | N41: =Runs!P1515 -> 0 | O41: =Runs!P1526 -> 0.94736842 | P41: =Runs!P1537 -> 0 | Q41: =IF(COUNT(G41:P41)=0,"",AVERAGE(G41:P41)) -> 0.19473684 | R41: =IF(COUNT(G41:P41)<2,"",STDEV(G41:P41)) -> 0.4107287 | S41: =COUNT(G41:P41) -> 10
A42: C04 | B42: FP32 | C42: late | D42: exp_msb | E42: 1 | F42: horse | G42: =Runs!P1439 -> 0 | H42: =Runs!P1450 -> 0 | I42: =Runs!P1461 -> 0 | J42: =Runs!P1472 -> 1 | K42: =Runs!P1483 -> 0 | L42: =Runs!P1494 -> 0 | M42: =Runs!P1505 -> 0 | N42: =Runs!P1516 -> 0 | O42: =Runs!P1527 -> 1 | P42: =Runs!P1538 -> 0 | Q42: =IF(COUNT(G42:P42)=0,"",AVERAGE(G42:P42)) -> 0.2 | R42: =IF(COUNT(G42:P42)<2,"",STDEV(G42:P42)) -> 0.42163702 | S42: =COUNT(G42:P42) -> 10
A43: C04 | B43: FP32 | C43: late | D43: exp_msb | E43: 1 | F43: ship | G43: =Runs!P1440 -> 0 | H43: =Runs!P1451 -> 0 | I43: =Runs!P1462 -> 0 | J43: =Runs!P1473 -> 1 | K43: =Runs!P1484 -> 0 | L43: =Runs!P1495 -> 0 | M43: =Runs!P1506 -> 0 | N43: =Runs!P1517 -> 0 | O43: =Runs!P1528 -> 0.94736842 | P43: =Runs!P1539 -> 0 | Q43: =IF(COUNT(G43:P43)=0,"",AVERAGE(G43:P43)) -> 0.19473684 | R43: =IF(COUNT(G43:P43)<2,"",STDEV(G43:P43)) -> 0.4107287 | S43: =COUNT(G43:P43) -> 10
A44: C04 | B44: FP32 | C44: late | D44: exp_msb | E44: 1 | F44: truck | G44: =Runs!P1441 -> 0.090909091 | H44: =Runs!P1452 -> 0.090909091 | I44: =Runs!P1463 -> 0.090909091 | J44: =Runs!P1474 -> 0.97560976 | K44: =Runs!P1485 -> 0.090909091 | L44: =Runs!P1496 -> 0.090909091 | M44: =Runs!P1507 -> 0.090909091 | N44: =Runs!P1518 -> 0.090909091 | O44: =Runs!P1529 -> 0.95 | P44: =Runs!P1540 -> 0.090909091 | Q44: =IF(COUNT(G44:P44)=0,"",AVERAGE(G44:P44)) -> 0.26528825 | R44: =IF(COUNT(G44:P44)<2,"",STDEV(G44:P44)) -> 0.3676731 | S44: =COUNT(G44:P44) -> 10
A45: C04 | B45: FP32 | C45: late | D45: exp_msb | E45: 1 | F45: ALL | G45: =Runs!P1442 -> 0.0099009901 | H45: =Runs!P1453 -> 0.0099009901 | I45: =Runs!P1464 -> 0.0099009901 | J45: =Runs!P1475 -> 0.99750623 | K45: =Runs!P1486 -> 0.0099009901 | L45: =Runs!P1497 -> 0.0099009901 | M45: =Runs!P1508 -> 0.0099009901 | N45: =Runs!P1519 -> 0.0099009901 | O45: =Runs!P1530 -> 0.97709924 | P45: =Runs!P1541 -> 0.0099009901 | Q45: =IF(COUNT(G45:P45)=0,"",AVERAGE(G45:P45)) -> 0.20538134 | R45: =IF(COUNT(G45:P45)<2,"",STDEV(G45:P45)) -> 0.41213683 | S45: =COUNT(G45:P45) -> 10
A46: C05 | B46: FP32 | C46: late | D46: exp_low | E46: 16 | F46: airplane | G46: =Runs!P1542 -> 0 | H46: =Runs!P1553 -> 0 | I46: =Runs!P1564 -> 0 | J46: =Runs!P1575 -> 0 | K46: =Runs!P1586 -> 0 | L46: =Runs!P1597 -> 0 | M46: =Runs!P1608 -> 0 | N46: =Runs!P1619 -> 0 | O46: =Runs!P1630 -> 0 | P46: =Runs!P1641 -> 0 | Q46: =IF(COUNT(G46:P46)=0,"",AVERAGE(G46:P46)) -> 0 | R46: =IF(COUNT(G46:P46)<2,"",STDEV(G46:P46)) -> 0 | S46: =COUNT(G46:P46) -> 10
A47: C05 | B47: FP32 | C47: late | D47: exp_low | E47: 16 | F47: automobile | G47: =Runs!P1543 -> 0 | H47: =Runs!P1554 -> 0 | I47: =Runs!P1565 -> 0 | J47: =Runs!P1576 -> 0 | K47: =Runs!P1587 -> 0.66666667 | L47: =Runs!P1598 -> 0 | M47: =Runs!P1609 -> 0 | N47: =Runs!P1620 -> 0 | O47: =Runs!P1631 -> 0 | P47: =Runs!P1642 -> 0 | Q47: =IF(COUNT(G47:P47)=0,"",AVERAGE(G47:P47)) -> 0.066666667 | R47: =IF(COUNT(G47:P47)<2,"",STDEV(G47:P47)) -> 0.21081851 | S47: =COUNT(G47:P47) -> 10
A48: C05 | B48: FP32 | C48: late | D48: exp_low | E48: 16 | F48: bird | G48: =Runs!P1544 -> 0 | H48: =Runs!P1555 -> 0 | I48: =Runs!P1566 -> 0 | J48: =Runs!P1577 -> 0 | K48: =Runs!P1588 -> 0 | L48: =Runs!P1599 -> 0 | M48: =Runs!P1610 -> 0 | N48: =Runs!P1621 -> 0.095238095 | O48: =Runs!P1632 -> 0 | P48: =Runs!P1643 -> 0 | Q48: =IF(COUNT(G48:P48)=0,"",AVERAGE(G48:P48)) -> 0.0095238095 | R48: =IF(COUNT(G48:P48)<2,"",STDEV(G48:P48)) -> 0.03011693 | S48: =COUNT(G48:P48) -> 10
A49: C05 | B49: FP32 | C49: late | D49: exp_low | E49: 16 | F49: cat | G49: =Runs!P1545 -> 0 | H49: =Runs!P1556 -> 0 | I49: =Runs!P1567 -> 0 | J49: =Runs!P1578 -> 0 | K49: =Runs!P1589 -> 0 | L49: =Runs!P1600 -> 0 | M49: =Runs!P1611 -> 0.46153846 | N49: =Runs!P1622 -> 0 | O49: =Runs!P1633 -> 0 | P49: =Runs!P1644 -> 0 | Q49: =IF(COUNT(G49:P49)=0,"",AVERAGE(G49:P49)) -> 0.046153846 | R49: =IF(COUNT(G49:P49)<2,"",STDEV(G49:P49)) -> 0.14595128 | S49: =COUNT(G49:P49) -> 10
A50: C05 | B50: FP32 | C50: late | D50: exp_low | E50: 16 | F50: deer | G50: =Runs!P1546 -> 0 | H50: =Runs!P1557 -> 0 | I50: =Runs!P1568 -> 0 | J50: =Runs!P1579 -> 0 | K50: =Runs!P1590 -> 0 | L50: =Runs!P1601 -> 0 | M50: =Runs!P1612 -> 0 | N50: =Runs!P1623 -> 0 | O50: =Runs!P1634 -> 0.095238095 | P50: =Runs!P1645 -> 0 | Q50: =IF(COUNT(G50:P50)=0,"",AVERAGE(G50:P50)) -> 0.0095238095 | R50: =IF(COUNT(G50:P50)<2,"",STDEV(G50:P50)) -> 0.03011693 | S50: =COUNT(G50:P50) -> 10
A51: C05 | B51: FP32 | C51: late | D51: exp_low | E51: 16 | F51: dog | G51: =Runs!P1547 -> 0 | H51: =Runs!P1558 -> 0 | I51: =Runs!P1569 -> 0 | J51: =Runs!P1580 -> 0 | K51: =Runs!P1591 -> 0 | L51: =Runs!P1602 -> 0 | M51: =Runs!P1613 -> 0.26086957 | N51: =Runs!P1624 -> 0 | O51: =Runs!P1635 -> 0 | P51: =Runs!P1646 -> 0 | Q51: =IF(COUNT(G51:P51)=0,"",AVERAGE(G51:P51)) -> 0.026086957 | R51: =IF(COUNT(G51:P51)<2,"",STDEV(G51:P51)) -> 0.0824942 | S51: =COUNT(G51:P51) -> 10
A52: C05 | B52: FP32 | C52: late | D52: exp_low | E52: 16 | F52: frog | G52: =Runs!P1548 -> 0 | H52: =Runs!P1559 -> 0 | I52: =Runs!P1570 -> 0 | J52: =Runs!P1581 -> 0 | K52: =Runs!P1592 -> 0 | L52: =Runs!P1603 -> 0 | M52: =Runs!P1614 -> 0.095238095 | N52: =Runs!P1625 -> 0.095238095 | O52: =Runs!P1636 -> 0 | P52: =Runs!P1647 -> 0 | Q52: =IF(COUNT(G52:P52)=0,"",AVERAGE(G52:P52)) -> 0.019047619 | R52: =IF(COUNT(G52:P52)<2,"",STDEV(G52:P52)) -> 0.040155907 | S52: =COUNT(G52:P52) -> 10
A53: C05 | B53: FP32 | C53: late | D53: exp_low | E53: 16 | F53: horse | G53: =Runs!P1549 -> 0 | H53: =Runs!P1560 -> 0 | I53: =Runs!P1571 -> 0 | J53: =Runs!P1582 -> 0 | K53: =Runs!P1593 -> 0 | L53: =Runs!P1604 -> 0 | M53: =Runs!P1615 -> 0 | N53: =Runs!P1626 -> 0 | O53: =Runs!P1637 -> 0 | P53: =Runs!P1648 -> 0 | Q53: =IF(COUNT(G53:P53)=0,"",AVERAGE(G53:P53)) -> 0 | R53: =IF(COUNT(G53:P53)<2,"",STDEV(G53:P53)) -> 0 | S53: =COUNT(G53:P53) -> 10
A54: C05 | B54: FP32 | C54: late | D54: exp_low | E54: 16 | F54: ship | G54: =Runs!P1550 -> 0 | H54: =Runs!P1561 -> 0 | I54: =Runs!P1572 -> 0 | J54: =Runs!P1583 -> 0 | K54: =Runs!P1594 -> 0.095238095 | L54: =Runs!P1605 -> 0 | M54: =Runs!P1616 -> 0 | N54: =Runs!P1627 -> 0 | O54: =Runs!P1638 -> 0 | P54: =Runs!P1649 -> 0 | Q54: =IF(COUNT(G54:P54)=0,"",AVERAGE(G54:P54)) -> 0.0095238095 | R54: =IF(COUNT(G54:P54)<2,"",STDEV(G54:P54)) -> 0.03011693 | S54: =COUNT(G54:P54) -> 10
A55: C05 | B55: FP32 | C55: late | D55: exp_low | E55: 16 | F55: truck | G55: =Runs!P1551 -> 0.090909091 | H55: =Runs!P1562 -> 0.090909091 | I55: =Runs!P1573 -> 0.090909091 | J55: =Runs!P1584 -> 0.090909091 | K55: =Runs!P1595 -> 0.17391304 | L55: =Runs!P1606 -> 0.090909091 | M55: =Runs!P1617 -> 0.090909091 | N55: =Runs!P1628 -> 0 | O55: =Runs!P1639 -> 0.090909091 | P55: =Runs!P1650 -> 0.090909091 | Q55: =IF(COUNT(G55:P55)=0,"",AVERAGE(G55:P55)) -> 0.090118577 | R55: =IF(COUNT(G55:P55)<2,"",STDEV(G55:P55)) -> 0.041025561 | S55: =COUNT(G55:P55) -> 10
A56: C05 | B56: FP32 | C56: late | D56: exp_low | E56: 16 | F56: ALL | G56: =Runs!P1552 -> 0.0099009901 | H56: =Runs!P1563 -> 0.0099009901 | I56: =Runs!P1574 -> 0.0099009901 | J56: =Runs!P1585 -> 0.0099009901 | K56: =Runs!P1596 -> 0.12149533 | L56: =Runs!P1607 -> 0.0099009901 | M56: =Runs!P1618 -> 0.10377358 | N56: =Runs!P1629 -> 0.019704433 | O56: =Runs!P1640 -> 0.019704433 | P56: =Runs!P1651 -> 0.0099009901 | Q56: =IF(COUNT(G56:P56)=0,"",AVERAGE(G56:P56)) -> 0.032408372 | R56: =IF(COUNT(G56:P56)<2,"",STDEV(G56:P56)) -> 0.04267676 | S56: =COUNT(G56:P56) -> 10
A57: C06 | B57: FP32 | C57: middle | D57: mant_high | E57: 16 | F57: airplane | G57: =Runs!P1652 -> 0 | H57: =Runs!P1663 -> 0 | I57: =Runs!P1674 -> 0 | J57: =Runs!P1685 -> 0 | K57: =Runs!P1696 -> 0 | L57: =Runs!P1707 -> 0 | M57: =Runs!P1718 -> 0 | N57: =Runs!P1729 -> 0 | O57: =Runs!P1740 -> 0 | P57: =Runs!P1751 -> 0 | Q57: =IF(COUNT(G57:P57)=0,"",AVERAGE(G57:P57)) -> 0 | R57: =IF(COUNT(G57:P57)<2,"",STDEV(G57:P57)) -> 0 | S57: =COUNT(G57:P57) -> 10
A58: C06 | B58: FP32 | C58: middle | D58: mant_high | E58: 16 | F58: automobile | G58: =Runs!P1653 -> 0 | H58: =Runs!P1664 -> 0 | I58: =Runs!P1675 -> 0 | J58: =Runs!P1686 -> 0 | K58: =Runs!P1697 -> 0 | L58: =Runs!P1708 -> 0 | M58: =Runs!P1719 -> 0 | N58: =Runs!P1730 -> 0 | O58: =Runs!P1741 -> 0 | P58: =Runs!P1752 -> 0 | Q58: =IF(COUNT(G58:P58)=0,"",AVERAGE(G58:P58)) -> 0 | R58: =IF(COUNT(G58:P58)<2,"",STDEV(G58:P58)) -> 0 | S58: =COUNT(G58:P58) -> 10
A59: C06 | B59: FP32 | C59: middle | D59: mant_high | E59: 16 | F59: bird | G59: =Runs!P1654 -> 0 | H59: =Runs!P1665 -> 0 | I59: =Runs!P1676 -> 0 | J59: =Runs!P1687 -> 0 | K59: =Runs!P1698 -> 0 | L59: =Runs!P1709 -> 0 | M59: =Runs!P1720 -> 0 | N59: =Runs!P1731 -> 0 | O59: =Runs!P1742 -> 0 | P59: =Runs!P1753 -> 0 | Q59: =IF(COUNT(G59:P59)=0,"",AVERAGE(G59:P59)) -> 0 | R59: =IF(COUNT(G59:P59)<2,"",STDEV(G59:P59)) -> 0 | S59: =COUNT(G59:P59) -> 10
A60: C06 | B60: FP32 | C60: middle | D60: mant_high | E60: 16 | F60: cat | G60: =Runs!P1655 -> 0 | H60: =Runs!P1666 -> 0 | I60: =Runs!P1677 -> 0 | J60: =Runs!P1688 -> 0 | K60: =Runs!P1699 -> 0 | L60: =Runs!P1710 -> 0 | M60: =Runs!P1721 -> 0 | N60: =Runs!P1732 -> 0 | O60: =Runs!P1743 -> 0 | P60: =Runs!P1754 -> 0 | Q60: =IF(COUNT(G60:P60)=0,"",AVERAGE(G60:P60)) -> 0 | R60: =IF(COUNT(G60:P60)<2,"",STDEV(G60:P60)) -> 0 | S60: =COUNT(G60:P60) -> 10
A61: C06 | B61: FP32 | C61: middle | D61: mant_high | E61: 16 | F61: deer | G61: =Runs!P1656 -> 0 | H61: =Runs!P1667 -> 0 | I61: =Runs!P1678 -> 0 | J61: =Runs!P1689 -> 0 | K61: =Runs!P1700 -> 0 | L61: =Runs!P1711 -> 0 | M61: =Runs!P1722 -> 0 | N61: =Runs!P1733 -> 0 | O61: =Runs!P1744 -> 0 | P61: =Runs!P1755 -> 0 | Q61: =IF(COUNT(G61:P61)=0,"",AVERAGE(G61:P61)) -> 0 | R61: =IF(COUNT(G61:P61)<2,"",STDEV(G61:P61)) -> 0 | S61: =COUNT(G61:P61) -> 10
A62: C06 | B62: FP32 | C62: middle | D62: mant_high | E62: 16 | F62: dog | G62: =Runs!P1657 -> 0 | H62: =Runs!P1668 -> 0 | I62: =Runs!P1679 -> 0 | J62: =Runs!P1690 -> 0 | K62: =Runs!P1701 -> 0 | L62: =Runs!P1712 -> 0 | M62: =Runs!P1723 -> 0 | N62: =Runs!P1734 -> 0 | O62: =Runs!P1745 -> 0 | P62: =Runs!P1756 -> 0 | Q62: =IF(COUNT(G62:P62)=0,"",AVERAGE(G62:P62)) -> 0 | R62: =IF(COUNT(G62:P62)<2,"",STDEV(G62:P62)) -> 0 | S62: =COUNT(G62:P62) -> 10
A63: C06 | B63: FP32 | C63: middle | D63: mant_high | E63: 16 | F63: frog | G63: =Runs!P1658 -> 0 | H63: =Runs!P1669 -> 0 | I63: =Runs!P1680 -> 0 | J63: =Runs!P1691 -> 0 | K63: =Runs!P1702 -> 0 | L63: =Runs!P1713 -> 0 | M63: =Runs!P1724 -> 0 | N63: =Runs!P1735 -> 0 | O63: =Runs!P1746 -> 0 | P63: =Runs!P1757 -> 0 | Q63: =IF(COUNT(G63:P63)=0,"",AVERAGE(G63:P63)) -> 0 | R63: =IF(COUNT(G63:P63)<2,"",STDEV(G63:P63)) -> 0 | S63: =COUNT(G63:P63) -> 10
A64: C06 | B64: FP32 | C64: middle | D64: mant_high | E64: 16 | F64: horse | G64: =Runs!P1659 -> 0 | H64: =Runs!P1670 -> 0 | I64: =Runs!P1681 -> 0 | J64: =Runs!P1692 -> 0 | K64: =Runs!P1703 -> 0 | L64: =Runs!P1714 -> 0 | M64: =Runs!P1725 -> 0 | N64: =Runs!P1736 -> 0 | O64: =Runs!P1747 -> 0 | P64: =Runs!P1758 -> 0 | Q64: =IF(COUNT(G64:P64)=0,"",AVERAGE(G64:P64)) -> 0 | R64: =IF(COUNT(G64:P64)<2,"",STDEV(G64:P64)) -> 0 | S64: =COUNT(G64:P64) -> 10
A65: C06 | B65: FP32 | C65: middle | D65: mant_high | E65: 16 | F65: ship | G65: =Runs!P1660 -> 0 | H65: =Runs!P1671 -> 0 | I65: =Runs!P1682 -> 0 | J65: =Runs!P1693 -> 0 | K65: =Runs!P1704 -> 0 | L65: =Runs!P1715 -> 0 | M65: =Runs!P1726 -> 0 | N65: =Runs!P1737 -> 0 | O65: =Runs!P1748 -> 0 | P65: =Runs!P1759 -> 0 | Q65: =IF(COUNT(G65:P65)=0,"",AVERAGE(G65:P65)) -> 0 | R65: =IF(COUNT(G65:P65)<2,"",STDEV(G65:P65)) -> 0 | S65: =COUNT(G65:P65) -> 10
A66: C06 | B66: FP32 | C66: middle | D66: mant_high | E66: 16 | F66: truck | G66: =Runs!P1661 -> 0.090909091 | H66: =Runs!P1672 -> 0.090909091 | I66: =Runs!P1683 -> 0.090909091 | J66: =Runs!P1694 -> 0.090909091 | K66: =Runs!P1705 -> 0.090909091 | L66: =Runs!P1716 -> 0.090909091 | M66: =Runs!P1727 -> 0.090909091 | N66: =Runs!P1738 -> 0.090909091 | O66: =Runs!P1749 -> 0.090909091 | P66: =Runs!P1760 -> 0.090909091 | Q66: =IF(COUNT(G66:P66)=0,"",AVERAGE(G66:P66)) -> 0.090909091 | R66: =IF(COUNT(G66:P66)<2,"",STDEV(G66:P66)) -> 0 | S66: =COUNT(G66:P66) -> 10
A67: C06 | B67: FP32 | C67: middle | D67: mant_high | E67: 16 | F67: ALL | G67: =Runs!P1662 -> 0.0099009901 | H67: =Runs!P1673 -> 0.0099009901 | I67: =Runs!P1684 -> 0.0099009901 | J67: =Runs!P1695 -> 0.0099009901 | K67: =Runs!P1706 -> 0.0099009901 | L67: =Runs!P1717 -> 0.0099009901 | M67: =Runs!P1728 -> 0.0099009901 | N67: =Runs!P1739 -> 0.0099009901 | O67: =Runs!P1750 -> 0.0099009901 | P67: =Runs!P1761 -> 0.0099009901 | Q67: =IF(COUNT(G67:P67)=0,"",AVERAGE(G67:P67)) -> 0.0099009901 | R67: =IF(COUNT(G67:P67)<2,"",STDEV(G67:P67)) -> 0 | S67: =COUNT(G67:P67) -> 10
A68: C07 | B68: FP32 | C68: late | D68: mant_low | E68: 16 | F68: airplane | G68: =Runs!P1762 -> 0 | H68: =Runs!P1773 -> 0 | I68: =Runs!P1784 -> 0 | J68: =Runs!P1795 -> 0 | K68: =Runs!P1806 -> 0 | L68: =Runs!P1817 -> 0 | M68: =Runs!P1828 -> 0 | N68: =Runs!P1839 -> 0 | O68: =Runs!P1850 -> 0 | P68: =Runs!P1861 -> 0 | Q68: =IF(COUNT(G68:P68)=0,"",AVERAGE(G68:P68)) -> 0 | R68: =IF(COUNT(G68:P68)<2,"",STDEV(G68:P68)) -> 0 | S68: =COUNT(G68:P68) -> 10
A69: C07 | B69: FP32 | C69: late | D69: mant_low | E69: 16 | F69: automobile | G69: =Runs!P1763 -> 0 | H69: =Runs!P1774 -> 0 | I69: =Runs!P1785 -> 0 | J69: =Runs!P1796 -> 0 | K69: =Runs!P1807 -> 0 | L69: =Runs!P1818 -> 0 | M69: =Runs!P1829 -> 0 | N69: =Runs!P1840 -> 0 | O69: =Runs!P1851 -> 0 | P69: =Runs!P1862 -> 0 | Q69: =IF(COUNT(G69:P69)=0,"",AVERAGE(G69:P69)) -> 0 | R69: =IF(COUNT(G69:P69)<2,"",STDEV(G69:P69)) -> 0 | S69: =COUNT(G69:P69) -> 10
A70: C07 | B70: FP32 | C70: late | D70: mant_low | E70: 16 | F70: bird | G70: =Runs!P1764 -> 0 | H70: =Runs!P1775 -> 0 | I70: =Runs!P1786 -> 0 | J70: =Runs!P1797 -> 0 | K70: =Runs!P1808 -> 0 | L70: =Runs!P1819 -> 0 | M70: =Runs!P1830 -> 0 | N70: =Runs!P1841 -> 0 | O70: =Runs!P1852 -> 0 | P70: =Runs!P1863 -> 0 | Q70: =IF(COUNT(G70:P70)=0,"",AVERAGE(G70:P70)) -> 0 | R70: =IF(COUNT(G70:P70)<2,"",STDEV(G70:P70)) -> 0 | S70: =COUNT(G70:P70) -> 10
A71: C07 | B71: FP32 | C71: late | D71: mant_low | E71: 16 | F71: cat | G71: =Runs!P1765 -> 0 | H71: =Runs!P1776 -> 0 | I71: =Runs!P1787 -> 0 | J71: =Runs!P1798 -> 0 | K71: =Runs!P1809 -> 0 | L71: =Runs!P1820 -> 0 | M71: =Runs!P1831 -> 0 | N71: =Runs!P1842 -> 0 | O71: =Runs!P1853 -> 0 | P71: =Runs!P1864 -> 0 | Q71: =IF(COUNT(G71:P71)=0,"",AVERAGE(G71:P71)) -> 0 | R71: =IF(COUNT(G71:P71)<2,"",STDEV(G71:P71)) -> 0 | S71: =COUNT(G71:P71) -> 10
A72: C07 | B72: FP32 | C72: late | D72: mant_low | E72: 16 | F72: deer | G72: =Runs!P1766 -> 0 | H72: =Runs!P1777 -> 0 | I72: =Runs!P1788 -> 0 | J72: =Runs!P1799 -> 0 | K72: =Runs!P1810 -> 0 | L72: =Runs!P1821 -> 0 | M72: =Runs!P1832 -> 0 | N72: =Runs!P1843 -> 0 | O72: =Runs!P1854 -> 0 | P72: =Runs!P1865 -> 0 | Q72: =IF(COUNT(G72:P72)=0,"",AVERAGE(G72:P72)) -> 0 | R72: =IF(COUNT(G72:P72)<2,"",STDEV(G72:P72)) -> 0 | S72: =COUNT(G72:P72) -> 10
A73: C07 | B73: FP32 | C73: late | D73: mant_low | E73: 16 | F73: dog | G73: =Runs!P1767 -> 0 | H73: =Runs!P1778 -> 0 | I73: =Runs!P1789 -> 0 | J73: =Runs!P1800 -> 0 | K73: =Runs!P1811 -> 0 | L73: =Runs!P1822 -> 0 | M73: =Runs!P1833 -> 0 | N73: =Runs!P1844 -> 0 | O73: =Runs!P1855 -> 0 | P73: =Runs!P1866 -> 0 | Q73: =IF(COUNT(G73:P73)=0,"",AVERAGE(G73:P73)) -> 0 | R73: =IF(COUNT(G73:P73)<2,"",STDEV(G73:P73)) -> 0 | S73: =COUNT(G73:P73) -> 10
A74: C07 | B74: FP32 | C74: late | D74: mant_low | E74: 16 | F74: frog | G74: =Runs!P1768 -> 0 | H74: =Runs!P1779 -> 0 | I74: =Runs!P1790 -> 0 | J74: =Runs!P1801 -> 0 | K74: =Runs!P1812 -> 0 | L74: =Runs!P1823 -> 0 | M74: =Runs!P1834 -> 0 | N74: =Runs!P1845 -> 0 | O74: =Runs!P1856 -> 0 | P74: =Runs!P1867 -> 0 | Q74: =IF(COUNT(G74:P74)=0,"",AVERAGE(G74:P74)) -> 0 | R74: =IF(COUNT(G74:P74)<2,"",STDEV(G74:P74)) -> 0 | S74: =COUNT(G74:P74) -> 10
A75: C07 | B75: FP32 | C75: late | D75: mant_low | E75: 16 | F75: horse | G75: =Runs!P1769 -> 0 | H75: =Runs!P1780 -> 0 | I75: =Runs!P1791 -> 0 | J75: =Runs!P1802 -> 0 | K75: =Runs!P1813 -> 0 | L75: =Runs!P1824 -> 0 | M75: =Runs!P1835 -> 0 | N75: =Runs!P1846 -> 0 | O75: =Runs!P1857 -> 0 | P75: =Runs!P1868 -> 0 | Q75: =IF(COUNT(G75:P75)=0,"",AVERAGE(G75:P75)) -> 0 | R75: =IF(COUNT(G75:P75)<2,"",STDEV(G75:P75)) -> 0 | S75: =COUNT(G75:P75) -> 10
A76: C07 | B76: FP32 | C76: late | D76: mant_low | E76: 16 | F76: ship | G76: =Runs!P1770 -> 0 | H76: =Runs!P1781 -> 0 | I76: =Runs!P1792 -> 0 | J76: =Runs!P1803 -> 0 | K76: =Runs!P1814 -> 0 | L76: =Runs!P1825 -> 0 | M76: =Runs!P1836 -> 0 | N76: =Runs!P1847 -> 0 | O76: =Runs!P1858 -> 0 | P76: =Runs!P1869 -> 0 | Q76: =IF(COUNT(G76:P76)=0,"",AVERAGE(G76:P76)) -> 0 | R76: =IF(COUNT(G76:P76)<2,"",STDEV(G76:P76)) -> 0 | S76: =COUNT(G76:P76) -> 10
A77: C07 | B77: FP32 | C77: late | D77: mant_low | E77: 16 | F77: truck | G77: =Runs!P1771 -> 0.090909091 | H77: =Runs!P1782 -> 0.090909091 | I77: =Runs!P1793 -> 0.090909091 | J77: =Runs!P1804 -> 0.090909091 | K77: =Runs!P1815 -> 0.090909091 | L77: =Runs!P1826 -> 0.090909091 | M77: =Runs!P1837 -> 0.090909091 | N77: =Runs!P1848 -> 0.090909091 | O77: =Runs!P1859 -> 0.090909091 | P77: =Runs!P1870 -> 0.090909091 | Q77: =IF(COUNT(G77:P77)=0,"",AVERAGE(G77:P77)) -> 0.090909091 | R77: =IF(COUNT(G77:P77)<2,"",STDEV(G77:P77)) -> 0 | S77: =COUNT(G77:P77) -> 10
A78: C07 | B78: FP32 | C78: late | D78: mant_low | E78: 16 | F78: ALL | G78: =Runs!P1772 -> 0.0099009901 | H78: =Runs!P1783 -> 0.0099009901 | I78: =Runs!P1794 -> 0.0099009901 | J78: =Runs!P1805 -> 0.0099009901 | K78: =Runs!P1816 -> 0.0099009901 | L78: =Runs!P1827 -> 0.0099009901 | M78: =Runs!P1838 -> 0.0099009901 | N78: =Runs!P1849 -> 0.0099009901 | O78: =Runs!P1860 -> 0.0099009901 | P78: =Runs!P1871 -> 0.0099009901 | Q78: =IF(COUNT(G78:P78)=0,"",AVERAGE(G78:P78)) -> 0.0099009901 | R78: =IF(COUNT(G78:P78)<2,"",STDEV(G78:P78)) -> 0 | S78: =COUNT(G78:P78) -> 10
A79: C08 | B79: INT8 | C79: early | D79: sign | E79: 4 | F79: airplane | G79: =Runs!P1872 -> 0 | H79: =Runs!P1883 -> 0 | I79: =Runs!P1894 -> 0 | J79: =Runs!P1905 -> 0 | K79: =Runs!P1916 -> 0 | L79: =Runs!P1927 -> 0 | M79: =Runs!P1938 -> 0 | N79: =Runs!P1949 -> 0 | O79: =Runs!P1960 -> 0 | P79: =Runs!P1971 -> 0 | Q79: =IF(COUNT(G79:P79)=0,"",AVERAGE(G79:P79)) -> 0 | R79: =IF(COUNT(G79:P79)<2,"",STDEV(G79:P79)) -> 0 | S79: =COUNT(G79:P79) -> 10
A80: C08 | B80: INT8 | C80: early | D80: sign | E80: 4 | F80: automobile | G80: =Runs!P1873 -> 0 | H80: =Runs!P1884 -> 0 | I80: =Runs!P1895 -> 0 | J80: =Runs!P1906 -> 0 | K80: =Runs!P1917 -> 0 | L80: =Runs!P1928 -> 0 | M80: =Runs!P1939 -> 0 | N80: =Runs!P1950 -> 0 | O80: =Runs!P1961 -> 0 | P80: =Runs!P1972 -> 0 | Q80: =IF(COUNT(G80:P80)=0,"",AVERAGE(G80:P80)) -> 0 | R80: =IF(COUNT(G80:P80)<2,"",STDEV(G80:P80)) -> 0 | S80: =COUNT(G80:P80) -> 10
A81: C08 | B81: INT8 | C81: early | D81: sign | E81: 4 | F81: bird | G81: =Runs!P1874 -> 0 | H81: =Runs!P1885 -> 0.095238095 | I81: =Runs!P1896 -> 0 | J81: =Runs!P1907 -> 0 | K81: =Runs!P1918 -> 0 | L81: =Runs!P1929 -> 0 | M81: =Runs!P1940 -> 0 | N81: =Runs!P1951 -> 0 | O81: =Runs!P1962 -> 0 | P81: =Runs!P1973 -> 0 | Q81: =IF(COUNT(G81:P81)=0,"",AVERAGE(G81:P81)) -> 0.0095238095 | R81: =IF(COUNT(G81:P81)<2,"",STDEV(G81:P81)) -> 0.03011693 | S81: =COUNT(G81:P81) -> 10
A82: C08 | B82: INT8 | C82: early | D82: sign | E82: 4 | F82: cat | G82: =Runs!P1875 -> 0 | H82: =Runs!P1886 -> 0 | I82: =Runs!P1897 -> 0 | J82: =Runs!P1908 -> 0 | K82: =Runs!P1919 -> 0 | L82: =Runs!P1930 -> 0 | M82: =Runs!P1941 -> 0 | N82: =Runs!P1952 -> 0 | O82: =Runs!P1963 -> 0 | P82: =Runs!P1974 -> 0 | Q82: =IF(COUNT(G82:P82)=0,"",AVERAGE(G82:P82)) -> 0 | R82: =IF(COUNT(G82:P82)<2,"",STDEV(G82:P82)) -> 0 | S82: =COUNT(G82:P82) -> 10
A83: C08 | B83: INT8 | C83: early | D83: sign | E83: 4 | F83: deer | G83: =Runs!P1876 -> 0 | H83: =Runs!P1887 -> 0 | I83: =Runs!P1898 -> 0 | J83: =Runs!P1909 -> 0 | K83: =Runs!P1920 -> 0 | L83: =Runs!P1931 -> 0 | M83: =Runs!P1942 -> 0 | N83: =Runs!P1953 -> 0 | O83: =Runs!P1964 -> 0 | P83: =Runs!P1975 -> 0 | Q83: =IF(COUNT(G83:P83)=0,"",AVERAGE(G83:P83)) -> 0 | R83: =IF(COUNT(G83:P83)<2,"",STDEV(G83:P83)) -> 0 | S83: =COUNT(G83:P83) -> 10
A84: C08 | B84: INT8 | C84: early | D84: sign | E84: 4 | F84: dog | G84: =Runs!P1877 -> 0 | H84: =Runs!P1888 -> 0 | I84: =Runs!P1899 -> 0 | J84: =Runs!P1910 -> 0 | K84: =Runs!P1921 -> 0 | L84: =Runs!P1932 -> 0 | M84: =Runs!P1943 -> 0 | N84: =Runs!P1954 -> 0 | O84: =Runs!P1965 -> 0.095238095 | P84: =Runs!P1976 -> 0 | Q84: =IF(COUNT(G84:P84)=0,"",AVERAGE(G84:P84)) -> 0.0095238095 | R84: =IF(COUNT(G84:P84)<2,"",STDEV(G84:P84)) -> 0.03011693 | S84: =COUNT(G84:P84) -> 10
A85: C08 | B85: INT8 | C85: early | D85: sign | E85: 4 | F85: frog | G85: =Runs!P1878 -> 0 | H85: =Runs!P1889 -> 0 | I85: =Runs!P1900 -> 0 | J85: =Runs!P1911 -> 0 | K85: =Runs!P1922 -> 0 | L85: =Runs!P1933 -> 0 | M85: =Runs!P1944 -> 0 | N85: =Runs!P1955 -> 0 | O85: =Runs!P1966 -> 0.095238095 | P85: =Runs!P1977 -> 0 | Q85: =IF(COUNT(G85:P85)=0,"",AVERAGE(G85:P85)) -> 0.0095238095 | R85: =IF(COUNT(G85:P85)<2,"",STDEV(G85:P85)) -> 0.03011693 | S85: =COUNT(G85:P85) -> 10
A86: C08 | B86: INT8 | C86: early | D86: sign | E86: 4 | F86: horse | G86: =Runs!P1879 -> 0 | H86: =Runs!P1890 -> 0 | I86: =Runs!P1901 -> 0 | J86: =Runs!P1912 -> 0 | K86: =Runs!P1923 -> 0 | L86: =Runs!P1934 -> 0 | M86: =Runs!P1945 -> 0 | N86: =Runs!P1956 -> 0 | O86: =Runs!P1967 -> 0 | P86: =Runs!P1978 -> 0 | Q86: =IF(COUNT(G86:P86)=0,"",AVERAGE(G86:P86)) -> 0 | R86: =IF(COUNT(G86:P86)<2,"",STDEV(G86:P86)) -> 0 | S86: =COUNT(G86:P86) -> 10
A87: C08 | B87: INT8 | C87: early | D87: sign | E87: 4 | F87: ship | G87: =Runs!P1880 -> 0 | H87: =Runs!P1891 -> 0 | I87: =Runs!P1902 -> 0 | J87: =Runs!P1913 -> 0 | K87: =Runs!P1924 -> 0 | L87: =Runs!P1935 -> 0 | M87: =Runs!P1946 -> 0 | N87: =Runs!P1957 -> 0 | O87: =Runs!P1968 -> 0 | P87: =Runs!P1979 -> 0 | Q87: =IF(COUNT(G87:P87)=0,"",AVERAGE(G87:P87)) -> 0 | R87: =IF(COUNT(G87:P87)<2,"",STDEV(G87:P87)) -> 0 | S87: =COUNT(G87:P87) -> 10
A88: C08 | B88: INT8 | C88: early | D88: sign | E88: 4 | F88: truck | G88: =Runs!P1881 -> 0.090909091 | H88: =Runs!P1892 -> 0.090909091 | I88: =Runs!P1903 -> 0.090909091 | J88: =Runs!P1914 -> 0 | K88: =Runs!P1925 -> 0.090909091 | L88: =Runs!P1936 -> 0.090909091 | M88: =Runs!P1947 -> 0.090909091 | N88: =Runs!P1958 -> 0.090909091 | O88: =Runs!P1969 -> 0 | P88: =Runs!P1980 -> 0.090909091 | Q88: =IF(COUNT(G88:P88)=0,"",AVERAGE(G88:P88)) -> 0.072727273 | R88: =IF(COUNT(G88:P88)<2,"",STDEV(G88:P88)) -> 0.038330638 | S88: =COUNT(G88:P88) -> 10
A89: C08 | B89: INT8 | C89: early | D89: sign | E89: 4 | F89: ALL | G89: =Runs!P1882 -> 0.0099009901 | H89: =Runs!P1893 -> 0.019704433 | I89: =Runs!P1904 -> 0.0099009901 | J89: =Runs!P1915 -> 0 | K89: =Runs!P1926 -> 0.0099009901 | L89: =Runs!P1937 -> 0.0099009901 | M89: =Runs!P1948 -> 0.0099009901 | N89: =Runs!P1959 -> 0.0099009901 | O89: =Runs!P1970 -> 0.019704433 | P89: =Runs!P1981 -> 0.0099009901 | Q89: =IF(COUNT(G89:P89)=0,"",AVERAGE(G89:P89)) -> 0.01087158 | R89: =IF(COUNT(G89:P89)<2,"",STDEV(G89:P89)) -> 0.0055859364 | S89: =COUNT(G89:P89) -> 10
A90: C09 | B90: INT8 | C90: late | D90: msb | E90: 16 | F90: airplane | G90: =Runs!P1982 -> 0 | H90: =Runs!P1993 -> 0 | I90: =Runs!P2004 -> 0 | J90: =Runs!P2015 -> 0 | K90: =Runs!P2026 -> 0 | L90: =Runs!P2037 -> 0 | M90: =Runs!P2048 -> 0 | N90: =Runs!P2059 -> 0 | O90: =Runs!P2070 -> 0 | P90: =Runs!P2081 -> 0 | Q90: =IF(COUNT(G90:P90)=0,"",AVERAGE(G90:P90)) -> 0 | R90: =IF(COUNT(G90:P90)<2,"",STDEV(G90:P90)) -> 0 | S90: =COUNT(G90:P90) -> 10
A91: C09 | B91: INT8 | C91: late | D91: msb | E91: 16 | F91: automobile | G91: =Runs!P1983 -> 0 | H91: =Runs!P1994 -> 0 | I91: =Runs!P2005 -> 0 | J91: =Runs!P2016 -> 0 | K91: =Runs!P2027 -> 0 | L91: =Runs!P2038 -> 0 | M91: =Runs!P2049 -> 0 | N91: =Runs!P2060 -> 0 | O91: =Runs!P2071 -> 0 | P91: =Runs!P2082 -> 0 | Q91: =IF(COUNT(G91:P91)=0,"",AVERAGE(G91:P91)) -> 0 | R91: =IF(COUNT(G91:P91)<2,"",STDEV(G91:P91)) -> 0 | S91: =COUNT(G91:P91) -> 10
A92: C09 | B92: INT8 | C92: late | D92: msb | E92: 16 | F92: bird | G92: =Runs!P1984 -> 0 | H92: =Runs!P1995 -> 0 | I92: =Runs!P2006 -> 0 | J92: =Runs!P2017 -> 0 | K92: =Runs!P2028 -> 0 | L92: =Runs!P2039 -> 0 | M92: =Runs!P2050 -> 0 | N92: =Runs!P2061 -> 0 | O92: =Runs!P2072 -> 0 | P92: =Runs!P2083 -> 0 | Q92: =IF(COUNT(G92:P92)=0,"",AVERAGE(G92:P92)) -> 0 | R92: =IF(COUNT(G92:P92)<2,"",STDEV(G92:P92)) -> 0 | S92: =COUNT(G92:P92) -> 10
A93: C09 | B93: INT8 | C93: late | D93: msb | E93: 16 | F93: cat | G93: =Runs!P1985 -> 0.18181818 | H93: =Runs!P1996 -> 0 | I93: =Runs!P2007 -> 0 | J93: =Runs!P2018 -> 0 | K93: =Runs!P2029 -> 0 | L93: =Runs!P2040 -> 0 | M93: =Runs!P2051 -> 0 | N93: =Runs!P2062 -> 0 | O93: =Runs!P2073 -> 0 | P93: =Runs!P2084 -> 0 | Q93: =IF(COUNT(G93:P93)=0,"",AVERAGE(G93:P93)) -> 0.018181818 | R93: =IF(COUNT(G93:P93)<2,"",STDEV(G93:P93)) -> 0.057495957 | S93: =COUNT(G93:P93) -> 10
A94: C09 | B94: INT8 | C94: late | D94: msb | E94: 16 | F94: deer | G94: =Runs!P1986 -> 0.095238095 | H94: =Runs!P1997 -> 0 | I94: =Runs!P2008 -> 0 | J94: =Runs!P2019 -> 0 | K94: =Runs!P2030 -> 0 | L94: =Runs!P2041 -> 0 | M94: =Runs!P2052 -> 0 | N94: =Runs!P2063 -> 0 | O94: =Runs!P2074 -> 0 | P94: =Runs!P2085 -> 0 | Q94: =IF(COUNT(G94:P94)=0,"",AVERAGE(G94:P94)) -> 0.0095238095 | R94: =IF(COUNT(G94:P94)<2,"",STDEV(G94:P94)) -> 0.03011693 | S94: =COUNT(G94:P94) -> 10
A95: C09 | B95: INT8 | C95: late | D95: msb | E95: 16 | F95: dog | G95: =Runs!P1987 -> 0 | H95: =Runs!P1998 -> 0 | I95: =Runs!P2009 -> 0 | J95: =Runs!P2020 -> 0 | K95: =Runs!P2031 -> 0 | L95: =Runs!P2042 -> 0 | M95: =Runs!P2053 -> 0 | N95: =Runs!P2064 -> 0 | O95: =Runs!P2075 -> 0 | P95: =Runs!P2086 -> 0 | Q95: =IF(COUNT(G95:P95)=0,"",AVERAGE(G95:P95)) -> 0 | R95: =IF(COUNT(G95:P95)<2,"",STDEV(G95:P95)) -> 0 | S95: =COUNT(G95:P95) -> 10
A96: C09 | B96: INT8 | C96: late | D96: msb | E96: 16 | F96: frog | G96: =Runs!P1988 -> 0 | H96: =Runs!P1999 -> 0 | I96: =Runs!P2010 -> 0 | J96: =Runs!P2021 -> 0 | K96: =Runs!P2032 -> 0 | L96: =Runs!P2043 -> 0 | M96: =Runs!P2054 -> 0 | N96: =Runs!P2065 -> 0 | O96: =Runs!P2076 -> 0 | P96: =Runs!P2087 -> 0 | Q96: =IF(COUNT(G96:P96)=0,"",AVERAGE(G96:P96)) -> 0 | R96: =IF(COUNT(G96:P96)<2,"",STDEV(G96:P96)) -> 0 | S96: =COUNT(G96:P96) -> 10
A97: C09 | B97: INT8 | C97: late | D97: msb | E97: 16 | F97: horse | G97: =Runs!P1989 -> 0.095238095 | H97: =Runs!P2000 -> 0 | I97: =Runs!P2011 -> 0 | J97: =Runs!P2022 -> 0 | K97: =Runs!P2033 -> 0 | L97: =Runs!P2044 -> 0 | M97: =Runs!P2055 -> 0 | N97: =Runs!P2066 -> 0 | O97: =Runs!P2077 -> 0 | P97: =Runs!P2088 -> 0 | Q97: =IF(COUNT(G97:P97)=0,"",AVERAGE(G97:P97)) -> 0.0095238095 | R97: =IF(COUNT(G97:P97)<2,"",STDEV(G97:P97)) -> 0.03011693 | S97: =COUNT(G97:P97) -> 10
A98: C09 | B98: INT8 | C98: late | D98: msb | E98: 16 | F98: ship | G98: =Runs!P1990 -> 0 | H98: =Runs!P2001 -> 0 | I98: =Runs!P2012 -> 0 | J98: =Runs!P2023 -> 0 | K98: =Runs!P2034 -> 0 | L98: =Runs!P2045 -> 0 | M98: =Runs!P2056 -> 0 | N98: =Runs!P2067 -> 0 | O98: =Runs!P2078 -> 0 | P98: =Runs!P2089 -> 0 | Q98: =IF(COUNT(G98:P98)=0,"",AVERAGE(G98:P98)) -> 0 | R98: =IF(COUNT(G98:P98)<2,"",STDEV(G98:P98)) -> 0 | S98: =COUNT(G98:P98) -> 10
A99: C09 | B99: INT8 | C99: late | D99: msb | E99: 16 | F99: truck | G99: =Runs!P1991 -> 0.090909091 | H99: =Runs!P2002 -> 0.090909091 | I99: =Runs!P2013 -> 0.090909091 | J99: =Runs!P2024 -> 0.090909091 | K99: =Runs!P2035 -> 0.090909091 | L99: =Runs!P2046 -> 0.090909091 | M99: =Runs!P2057 -> 0.090909091 | N99: =Runs!P2068 -> 0.090909091 | O99: =Runs!P2079 -> 0.090909091 | P99: =Runs!P2090 -> 0.090909091 | Q99: =IF(COUNT(G99:P99)=0,"",AVERAGE(G99:P99)) -> 0.090909091 | R99: =IF(COUNT(G99:P99)<2,"",STDEV(G99:P99)) -> 0 | S99: =COUNT(G99:P99) -> 10
A100: C09 | B100: INT8 | C100: late | D100: msb | E100: 16 | F100: ALL | G100: =Runs!P1992 -> 0.048543689 | H100: =Runs!P2003 -> 0.0099009901 | I100: =Runs!P2014 -> 0.0099009901 | J100: =Runs!P2025 -> 0.0099009901 | K100: =Runs!P2036 -> 0.0099009901 | L100: =Runs!P2047 -> 0.0099009901 | M100: =Runs!P2058 -> 0.0099009901 | N100: =Runs!P2069 -> 0.0099009901 | O100: =Runs!P2080 -> 0.0099009901 | P100: =Runs!P2091 -> 0.0099009901 | Q100: =IF(COUNT(G100:P100)=0,"",AVERAGE(G100:P100)) -> 0.01376526 | R100: =IF(COUNT(G100:P100)<2,"",STDEV(G100:P100)) -> 0.012219894 | S100: =COUNT(G100:P100) -> 10
...

Sheet False alarms
A1: Config | B1: Format | C1: Where | D1: Which bit | E1: Flips | F1: Class | G1: Rep 1 | H1: Rep 2 | I1: Rep 3 | J1: Rep 4 | K1: Rep 5 | L1: Rep 6 | M1: Rep 7 | N1: Rep 8 | O1: Rep 9 | P1: Rep 10 | Q1: Mean | R1: SD | S1: N
A2: C01 | B2: FP32 | C2: early | D2: sign | E2: 16 | F2: airplane | G2: =Runs!Q1102 -> 0 | H2: =Runs!Q1113 -> 0 | I2: =Runs!Q1124 -> 0 | J2: =Runs!Q1135 -> 0 | K2: =Runs!Q1146 -> 0 | L2: =Runs!Q1157 -> 0 | M2: =Runs!Q1168 -> 0 | N2: =Runs!Q1179 -> 0 | O2: =Runs!Q1190 -> 0 | P2: =Runs!Q1201 -> 0 | Q2: =IF(COUNT(G2:P2)=0,"",AVERAGE(G2:P2)) -> 0 | R2: =IF(COUNT(G2:P2)<2,"",STDEV(G2:P2)) -> 0 | S2: =COUNT(G2:P2) -> 10
A3: C01 | B3: FP32 | C3: early | D3: sign | E3: 16 | F3: automobile | G3: =Runs!Q1103 -> 0 | H3: =Runs!Q1114 -> 0 | I3: =Runs!Q1125 -> 0 | J3: =Runs!Q1136 -> 0 | K3: =Runs!Q1147 -> 0 | L3: =Runs!Q1158 -> 0 | M3: =Runs!Q1169 -> 0 | N3: =Runs!Q1180 -> 0 | O3: =Runs!Q1191 -> 0 | P3: =Runs!Q1202 -> 0 | Q3: =IF(COUNT(G3:P3)=0,"",AVERAGE(G3:P3)) -> 0 | R3: =IF(COUNT(G3:P3)<2,"",STDEV(G3:P3)) -> 0 | S3: =COUNT(G3:P3) -> 10
A4: C01 | B4: FP32 | C4: early | D4: sign | E4: 16 | F4: bird | G4: =Runs!Q1104 -> 0 | H4: =Runs!Q1115 -> 0 | I4: =Runs!Q1126 -> 0 | J4: =Runs!Q1137 -> 0 | K4: =Runs!Q1148 -> 0 | L4: =Runs!Q1159 -> 0 | M4: =Runs!Q1170 -> 0 | N4: =Runs!Q1181 -> 0 | O4: =Runs!Q1192 -> 0 | P4: =Runs!Q1203 -> 0 | Q4: =IF(COUNT(G4:P4)=0,"",AVERAGE(G4:P4)) -> 0 | R4: =IF(COUNT(G4:P4)<2,"",STDEV(G4:P4)) -> 0 | S4: =COUNT(G4:P4) -> 10
A5: C01 | B5: FP32 | C5: early | D5: sign | E5: 16 | F5: cat | G5: =Runs!Q1105 -> 0 | H5: =Runs!Q1116 -> 0 | I5: =Runs!Q1127 -> 0 | J5: =Runs!Q1138 -> 0 | K5: =Runs!Q1149 -> 0 | L5: =Runs!Q1160 -> 0 | M5: =Runs!Q1171 -> 0 | N5: =Runs!Q1182 -> 0 | O5: =Runs!Q1193 -> 0 | P5: =Runs!Q1204 -> 0 | Q5: =IF(COUNT(G5:P5)=0,"",AVERAGE(G5:P5)) -> 0 | R5: =IF(COUNT(G5:P5)<2,"",STDEV(G5:P5)) -> 0 | S5: =COUNT(G5:P5) -> 10
A6: C01 | B6: FP32 | C6: early | D6: sign | E6: 16 | F6: deer | G6: =Runs!Q1106 -> 0 | H6: =Runs!Q1117 -> 0 | I6: =Runs!Q1128 -> 0 | J6: =Runs!Q1139 -> 0 | K6: =Runs!Q1150 -> 0 | L6: =Runs!Q1161 -> 0 | M6: =Runs!Q1172 -> 0 | N6: =Runs!Q1183 -> 0 | O6: =Runs!Q1194 -> 0 | P6: =Runs!Q1205 -> 0 | Q6: =IF(COUNT(G6:P6)=0,"",AVERAGE(G6:P6)) -> 0 | R6: =IF(COUNT(G6:P6)<2,"",STDEV(G6:P6)) -> 0 | S6: =COUNT(G6:P6) -> 10
A7: C01 | B7: FP32 | C7: early | D7: sign | E7: 16 | F7: dog | G7: =Runs!Q1107 -> 0 | H7: =Runs!Q1118 -> 0 | I7: =Runs!Q1129 -> 0 | J7: =Runs!Q1140 -> 0 | K7: =Runs!Q1151 -> 0 | L7: =Runs!Q1162 -> 0 | M7: =Runs!Q1173 -> 0 | N7: =Runs!Q1184 -> 0 | O7: =Runs!Q1195 -> 0 | P7: =Runs!Q1206 -> 0 | Q7: =IF(COUNT(G7:P7)=0,"",AVERAGE(G7:P7)) -> 0 | R7: =IF(COUNT(G7:P7)<2,"",STDEV(G7:P7)) -> 0 | S7: =COUNT(G7:P7) -> 10
A8: C01 | B8: FP32 | C8: early | D8: sign | E8: 16 | F8: frog | G8: =Runs!Q1108 -> 0 | H8: =Runs!Q1119 -> 0 | I8: =Runs!Q1130 -> 0 | J8: =Runs!Q1141 -> 0 | K8: =Runs!Q1152 -> 0 | L8: =Runs!Q1163 -> 0 | M8: =Runs!Q1174 -> 0 | N8: =Runs!Q1185 -> 0 | O8: =Runs!Q1196 -> 0 | P8: =Runs!Q1207 -> 0 | Q8: =IF(COUNT(G8:P8)=0,"",AVERAGE(G8:P8)) -> 0 | R8: =IF(COUNT(G8:P8)<2,"",STDEV(G8:P8)) -> 0 | S8: =COUNT(G8:P8) -> 10
A9: C01 | B9: FP32 | C9: early | D9: sign | E9: 16 | F9: horse | G9: =Runs!Q1109 -> 0 | H9: =Runs!Q1120 -> 0 | I9: =Runs!Q1131 -> 0 | J9: =Runs!Q1142 -> 0 | K9: =Runs!Q1153 -> 0 | L9: =Runs!Q1164 -> 0 | M9: =Runs!Q1175 -> 0 | N9: =Runs!Q1186 -> 0 | O9: =Runs!Q1197 -> 0 | P9: =Runs!Q1208 -> 0 | Q9: =IF(COUNT(G9:P9)=0,"",AVERAGE(G9:P9)) -> 0 | R9: =IF(COUNT(G9:P9)<2,"",STDEV(G9:P9)) -> 0 | S9: =COUNT(G9:P9) -> 10
A10: C01 | B10: FP32 | C10: early | D10: sign | E10: 16 | F10: ship | G10: =Runs!Q1110 -> 0 | H10: =Runs!Q1121 -> 0 | I10: =Runs!Q1132 -> 0 | J10: =Runs!Q1143 -> 0 | K10: =Runs!Q1154 -> 0 | L10: =Runs!Q1165 -> 0 | M10: =Runs!Q1176 -> 0 | N10: =Runs!Q1187 -> 0 | O10: =Runs!Q1198 -> 0 | P10: =Runs!Q1209 -> 0 | Q10: =IF(COUNT(G10:P10)=0,"",AVERAGE(G10:P10)) -> 0 | R10: =IF(COUNT(G10:P10)<2,"",STDEV(G10:P10)) -> 0 | S10: =COUNT(G10:P10) -> 10
A11: C01 | B11: FP32 | C11: early | D11: sign | E11: 16 | F11: truck | G11: =Runs!Q1111 -> 0.05 | H11: =Runs!Q1122 -> 0.05 | I11: =Runs!Q1133 -> 0.05 | J11: =Runs!Q1144 -> 0.05 | K11: =Runs!Q1155 -> 0.05 | L11: =Runs!Q1166 -> 0.05 | M11: =Runs!Q1177 -> 0.05 | N11: =Runs!Q1188 -> 0.05 | O11: =Runs!Q1199 -> 0.05 | P11: =Runs!Q1210 -> 0.05 | Q11: =IF(COUNT(G11:P11)=0,"",AVERAGE(G11:P11)) -> 0.05 | R11: =IF(COUNT(G11:P11)<2,"",STDEV(G11:P11)) -> 0 | S11: =COUNT(G11:P11) -> 10
A12: C01 | B12: FP32 | C12: early | D12: sign | E12: 16 | F12: ALL | G12: =Runs!Q1112 -> 0.005 | H12: =Runs!Q1123 -> 0.005 | I12: =Runs!Q1134 -> 0.005 | J12: =Runs!Q1145 -> 0.005 | K12: =Runs!Q1156 -> 0.005 | L12: =Runs!Q1167 -> 0.005 | M12: =Runs!Q1178 -> 0.005 | N12: =Runs!Q1189 -> 0.005 | O12: =Runs!Q1200 -> 0.005 | P12: =Runs!Q1211 -> 0.005 | Q12: =IF(COUNT(G12:P12)=0,"",AVERAGE(G12:P12)) -> 0.005 | R12: =IF(COUNT(G12:P12)<2,"",STDEV(G12:P12)) -> 0 | S12: =COUNT(G12:P12) -> 10
A13: C02 | B13: FP32 | C13: early | D13: exp_msb | E13: 1 | F13: airplane | G13: =Runs!Q1212 -> 0 | H13: =Runs!Q1223 -> 0 | I13: =Runs!Q1234 -> 0 | J13: =Runs!Q1245 -> 0 | K13: =Runs!Q1256 -> 0 | L13: =Runs!Q1267 -> 0 | M13: =Runs!Q1278 -> 0 | N13: =Runs!Q1289 -> 0 | O13: =Runs!Q1300 -> 0 | P13: =Runs!Q1311 -> 0 | Q13: =IF(COUNT(G13:P13)=0,"",AVERAGE(G13:P13)) -> 0 | R13: =IF(COUNT(G13:P13)<2,"",STDEV(G13:P13)) -> 0 | S13: =COUNT(G13:P13) -> 10
A14: C02 | B14: FP32 | C14: early | D14: exp_msb | E14: 1 | F14: automobile | G14: =Runs!Q1213 -> 0 | H14: =Runs!Q1224 -> 0 | I14: =Runs!Q1235 -> 0 | J14: =Runs!Q1246 -> 0 | K14: =Runs!Q1257 -> 0 | L14: =Runs!Q1268 -> 0 | M14: =Runs!Q1279 -> 0 | N14: =Runs!Q1290 -> 0 | O14: =Runs!Q1301 -> 0 | P14: =Runs!Q1312 -> 0 | Q14: =IF(COUNT(G14:P14)=0,"",AVERAGE(G14:P14)) -> 0 | R14: =IF(COUNT(G14:P14)<2,"",STDEV(G14:P14)) -> 0 | S14: =COUNT(G14:P14) -> 10
A15: C02 | B15: FP32 | C15: early | D15: exp_msb | E15: 1 | F15: bird | G15: =Runs!Q1214 -> 0 | H15: =Runs!Q1225 -> 0 | I15: =Runs!Q1236 -> 0 | J15: =Runs!Q1247 -> 0 | K15: =Runs!Q1258 -> 0 | L15: =Runs!Q1269 -> 0 | M15: =Runs!Q1280 -> 0 | N15: =Runs!Q1291 -> 0 | O15: =Runs!Q1302 -> 0 | P15: =Runs!Q1313 -> 0 | Q15: =IF(COUNT(G15:P15)=0,"",AVERAGE(G15:P15)) -> 0 | R15: =IF(COUNT(G15:P15)<2,"",STDEV(G15:P15)) -> 0 | S15: =COUNT(G15:P15) -> 10
A16: C02 | B16: FP32 | C16: early | D16: exp_msb | E16: 1 | F16: cat | G16: =Runs!Q1215 -> 0 | H16: =Runs!Q1226 -> 0 | I16: =Runs!Q1237 -> 0 | J16: =Runs!Q1248 -> 0 | K16: =Runs!Q1259 -> 0 | L16: =Runs!Q1270 -> 0 | M16: =Runs!Q1281 -> 0 | N16: =Runs!Q1292 -> 0 | O16: =Runs!Q1303 -> 0 | P16: =Runs!Q1314 -> 0 | Q16: =IF(COUNT(G16:P16)=0,"",AVERAGE(G16:P16)) -> 0 | R16: =IF(COUNT(G16:P16)<2,"",STDEV(G16:P16)) -> 0 | S16: =COUNT(G16:P16) -> 10
A17: C02 | B17: FP32 | C17: early | D17: exp_msb | E17: 1 | F17: deer | G17: =Runs!Q1216 -> 0 | H17: =Runs!Q1227 -> 0 | I17: =Runs!Q1238 -> 0 | J17: =Runs!Q1249 -> 0 | K17: =Runs!Q1260 -> 0 | L17: =Runs!Q1271 -> 0 | M17: =Runs!Q1282 -> 0 | N17: =Runs!Q1293 -> 0 | O17: =Runs!Q1304 -> 0 | P17: =Runs!Q1315 -> 0 | Q17: =IF(COUNT(G17:P17)=0,"",AVERAGE(G17:P17)) -> 0 | R17: =IF(COUNT(G17:P17)<2,"",STDEV(G17:P17)) -> 0 | S17: =COUNT(G17:P17) -> 10
A18: C02 | B18: FP32 | C18: early | D18: exp_msb | E18: 1 | F18: dog | G18: =Runs!Q1217 -> 0 | H18: =Runs!Q1228 -> 0 | I18: =Runs!Q1239 -> 0 | J18: =Runs!Q1250 -> 0 | K18: =Runs!Q1261 -> 0 | L18: =Runs!Q1272 -> 0 | M18: =Runs!Q1283 -> 0 | N18: =Runs!Q1294 -> 0 | O18: =Runs!Q1305 -> 0 | P18: =Runs!Q1316 -> 0 | Q18: =IF(COUNT(G18:P18)=0,"",AVERAGE(G18:P18)) -> 0 | R18: =IF(COUNT(G18:P18)<2,"",STDEV(G18:P18)) -> 0 | S18: =COUNT(G18:P18) -> 10
A19: C02 | B19: FP32 | C19: early | D19: exp_msb | E19: 1 | F19: frog | G19: =Runs!Q1218 -> 0 | H19: =Runs!Q1229 -> 0 | I19: =Runs!Q1240 -> 0 | J19: =Runs!Q1251 -> 0 | K19: =Runs!Q1262 -> 0 | L19: =Runs!Q1273 -> 0 | M19: =Runs!Q1284 -> 0 | N19: =Runs!Q1295 -> 0 | O19: =Runs!Q1306 -> 0 | P19: =Runs!Q1317 -> 0 | Q19: =IF(COUNT(G19:P19)=0,"",AVERAGE(G19:P19)) -> 0 | R19: =IF(COUNT(G19:P19)<2,"",STDEV(G19:P19)) -> 0 | S19: =COUNT(G19:P19) -> 10
A20: C02 | B20: FP32 | C20: early | D20: exp_msb | E20: 1 | F20: horse | G20: =Runs!Q1219 -> 0 | H20: =Runs!Q1230 -> 0 | I20: =Runs!Q1241 -> 0 | J20: =Runs!Q1252 -> 0 | K20: =Runs!Q1263 -> 0 | L20: =Runs!Q1274 -> 0 | M20: =Runs!Q1285 -> 0 | N20: =Runs!Q1296 -> 0 | O20: =Runs!Q1307 -> 0 | P20: =Runs!Q1318 -> 0 | Q20: =IF(COUNT(G20:P20)=0,"",AVERAGE(G20:P20)) -> 0 | R20: =IF(COUNT(G20:P20)<2,"",STDEV(G20:P20)) -> 0 | S20: =COUNT(G20:P20) -> 10
A21: C02 | B21: FP32 | C21: early | D21: exp_msb | E21: 1 | F21: ship | G21: =Runs!Q1220 -> 0 | H21: =Runs!Q1231 -> 0 | I21: =Runs!Q1242 -> 0 | J21: =Runs!Q1253 -> 0 | K21: =Runs!Q1264 -> 0 | L21: =Runs!Q1275 -> 0 | M21: =Runs!Q1286 -> 0 | N21: =Runs!Q1297 -> 0 | O21: =Runs!Q1308 -> 0 | P21: =Runs!Q1319 -> 0 | Q21: =IF(COUNT(G21:P21)=0,"",AVERAGE(G21:P21)) -> 0 | R21: =IF(COUNT(G21:P21)<2,"",STDEV(G21:P21)) -> 0 | S21: =COUNT(G21:P21) -> 10
A22: C02 | B22: FP32 | C22: early | D22: exp_msb | E22: 1 | F22: truck | G22: =Runs!Q1221 -> 0.05 | H22: =Runs!Q1232 -> 0.05 | I22: =Runs!Q1243 -> 0.05 | J22: =Runs!Q1254 -> 0.05 | K22: =Runs!Q1265 -> 0.05 | L22: =Runs!Q1276 -> 0.05 | M22: =Runs!Q1287 -> 0.05 | N22: =Runs!Q1298 -> 0.05 | O22: =Runs!Q1309 -> 0.05 | P22: =Runs!Q1320 -> 0.05 | Q22: =IF(COUNT(G22:P22)=0,"",AVERAGE(G22:P22)) -> 0.05 | R22: =IF(COUNT(G22:P22)<2,"",STDEV(G22:P22)) -> 0 | S22: =COUNT(G22:P22) -> 10
A23: C02 | B23: FP32 | C23: early | D23: exp_msb | E23: 1 | F23: ALL | G23: =Runs!Q1222 -> 0.005 | H23: =Runs!Q1233 -> 0.005 | I23: =Runs!Q1244 -> 0.005 | J23: =Runs!Q1255 -> 0.005 | K23: =Runs!Q1266 -> 0.005 | L23: =Runs!Q1277 -> 0.005 | M23: =Runs!Q1288 -> 0.005 | N23: =Runs!Q1299 -> 0.005 | O23: =Runs!Q1310 -> 0.005 | P23: =Runs!Q1321 -> 0.005 | Q23: =IF(COUNT(G23:P23)=0,"",AVERAGE(G23:P23)) -> 0.005 | R23: =IF(COUNT(G23:P23)<2,"",STDEV(G23:P23)) -> 0 | S23: =COUNT(G23:P23) -> 10
A24: C03 | B24: FP32 | C24: middle | D24: exp_msb | E24: 4 | F24: airplane | G24: =Runs!Q1322 -> 0 | H24: =Runs!Q1333 -> 0 | I24: =Runs!Q1344 -> 0 | J24: =Runs!Q1355 -> 0 | K24: =Runs!Q1366 -> 0 | L24: =Runs!Q1377 -> 0 | M24: =Runs!Q1388 -> 0 | N24: =Runs!Q1399 -> 0 | O24: =Runs!Q1410 -> 0 | P24: =Runs!Q1421 -> 0 | Q24: =IF(COUNT(G24:P24)=0,"",AVERAGE(G24:P24)) -> 0 | R24: =IF(COUNT(G24:P24)<2,"",STDEV(G24:P24)) -> 0 | S24: =COUNT(G24:P24) -> 10
A25: C03 | B25: FP32 | C25: middle | D25: exp_msb | E25: 4 | F25: automobile | G25: =Runs!Q1323 -> 0 | H25: =Runs!Q1334 -> 0 | I25: =Runs!Q1345 -> 0 | J25: =Runs!Q1356 -> 0 | K25: =Runs!Q1367 -> 0 | L25: =Runs!Q1378 -> 0 | M25: =Runs!Q1389 -> 0 | N25: =Runs!Q1400 -> 0 | O25: =Runs!Q1411 -> 0 | P25: =Runs!Q1422 -> 0 | Q25: =IF(COUNT(G25:P25)=0,"",AVERAGE(G25:P25)) -> 0 | R25: =IF(COUNT(G25:P25)<2,"",STDEV(G25:P25)) -> 0 | S25: =COUNT(G25:P25) -> 10
A26: C03 | B26: FP32 | C26: middle | D26: exp_msb | E26: 4 | F26: bird | G26: =Runs!Q1324 -> 0 | H26: =Runs!Q1335 -> 0 | I26: =Runs!Q1346 -> 0 | J26: =Runs!Q1357 -> 0 | K26: =Runs!Q1368 -> 0 | L26: =Runs!Q1379 -> 0 | M26: =Runs!Q1390 -> 0 | N26: =Runs!Q1401 -> 0 | O26: =Runs!Q1412 -> 0 | P26: =Runs!Q1423 -> 0 | Q26: =IF(COUNT(G26:P26)=0,"",AVERAGE(G26:P26)) -> 0 | R26: =IF(COUNT(G26:P26)<2,"",STDEV(G26:P26)) -> 0 | S26: =COUNT(G26:P26) -> 10
A27: C03 | B27: FP32 | C27: middle | D27: exp_msb | E27: 4 | F27: cat | G27: =Runs!Q1325 -> 0 | H27: =Runs!Q1336 -> 0 | I27: =Runs!Q1347 -> 0 | J27: =Runs!Q1358 -> 0 | K27: =Runs!Q1369 -> 0 | L27: =Runs!Q1380 -> 0 | M27: =Runs!Q1391 -> 0 | N27: =Runs!Q1402 -> 0 | O27: =Runs!Q1413 -> 0 | P27: =Runs!Q1424 -> 0 | Q27: =IF(COUNT(G27:P27)=0,"",AVERAGE(G27:P27)) -> 0 | R27: =IF(COUNT(G27:P27)<2,"",STDEV(G27:P27)) -> 0 | S27: =COUNT(G27:P27) -> 10
A28: C03 | B28: FP32 | C28: middle | D28: exp_msb | E28: 4 | F28: deer | G28: =Runs!Q1326 -> 0 | H28: =Runs!Q1337 -> 0 | I28: =Runs!Q1348 -> 0 | J28: =Runs!Q1359 -> 0 | K28: =Runs!Q1370 -> 0 | L28: =Runs!Q1381 -> 0 | M28: =Runs!Q1392 -> 0 | N28: =Runs!Q1403 -> 0 | O28: =Runs!Q1414 -> 0 | P28: =Runs!Q1425 -> 0 | Q28: =IF(COUNT(G28:P28)=0,"",AVERAGE(G28:P28)) -> 0 | R28: =IF(COUNT(G28:P28)<2,"",STDEV(G28:P28)) -> 0 | S28: =COUNT(G28:P28) -> 10
A29: C03 | B29: FP32 | C29: middle | D29: exp_msb | E29: 4 | F29: dog | G29: =Runs!Q1327 -> 0 | H29: =Runs!Q1338 -> 0 | I29: =Runs!Q1349 -> 0 | J29: =Runs!Q1360 -> 0 | K29: =Runs!Q1371 -> 0 | L29: =Runs!Q1382 -> 0 | M29: =Runs!Q1393 -> 0 | N29: =Runs!Q1404 -> 0 | O29: =Runs!Q1415 -> 0 | P29: =Runs!Q1426 -> 0 | Q29: =IF(COUNT(G29:P29)=0,"",AVERAGE(G29:P29)) -> 0 | R29: =IF(COUNT(G29:P29)<2,"",STDEV(G29:P29)) -> 0 | S29: =COUNT(G29:P29) -> 10
A30: C03 | B30: FP32 | C30: middle | D30: exp_msb | E30: 4 | F30: frog | G30: =Runs!Q1328 -> 0 | H30: =Runs!Q1339 -> 0 | I30: =Runs!Q1350 -> 0 | J30: =Runs!Q1361 -> 0 | K30: =Runs!Q1372 -> 0 | L30: =Runs!Q1383 -> 0 | M30: =Runs!Q1394 -> 0 | N30: =Runs!Q1405 -> 0 | O30: =Runs!Q1416 -> 0 | P30: =Runs!Q1427 -> 0 | Q30: =IF(COUNT(G30:P30)=0,"",AVERAGE(G30:P30)) -> 0 | R30: =IF(COUNT(G30:P30)<2,"",STDEV(G30:P30)) -> 0 | S30: =COUNT(G30:P30) -> 10
A31: C03 | B31: FP32 | C31: middle | D31: exp_msb | E31: 4 | F31: horse | G31: =Runs!Q1329 -> 0 | H31: =Runs!Q1340 -> 0 | I31: =Runs!Q1351 -> 0 | J31: =Runs!Q1362 -> 0 | K31: =Runs!Q1373 -> 0 | L31: =Runs!Q1384 -> 0 | M31: =Runs!Q1395 -> 0 | N31: =Runs!Q1406 -> 0 | O31: =Runs!Q1417 -> 0 | P31: =Runs!Q1428 -> 0 | Q31: =IF(COUNT(G31:P31)=0,"",AVERAGE(G31:P31)) -> 0 | R31: =IF(COUNT(G31:P31)<2,"",STDEV(G31:P31)) -> 0 | S31: =COUNT(G31:P31) -> 10
A32: C03 | B32: FP32 | C32: middle | D32: exp_msb | E32: 4 | F32: ship | G32: =Runs!Q1330 -> 0 | H32: =Runs!Q1341 -> 0 | I32: =Runs!Q1352 -> 0 | J32: =Runs!Q1363 -> 0 | K32: =Runs!Q1374 -> 0 | L32: =Runs!Q1385 -> 0 | M32: =Runs!Q1396 -> 0 | N32: =Runs!Q1407 -> 0 | O32: =Runs!Q1418 -> 0 | P32: =Runs!Q1429 -> 0 | Q32: =IF(COUNT(G32:P32)=0,"",AVERAGE(G32:P32)) -> 0 | R32: =IF(COUNT(G32:P32)<2,"",STDEV(G32:P32)) -> 0 | S32: =COUNT(G32:P32) -> 10
A33: C03 | B33: FP32 | C33: middle | D33: exp_msb | E33: 4 | F33: truck | G33: =Runs!Q1331 -> 0.05 | H33: =Runs!Q1342 -> 0.05 | I33: =Runs!Q1353 -> 0.05 | J33: =Runs!Q1364 -> 0.05 | K33: =Runs!Q1375 -> 0.05 | L33: =Runs!Q1386 -> 0.05 | M33: =Runs!Q1397 -> 0.05 | N33: =Runs!Q1408 -> 0.05 | O33: =Runs!Q1419 -> 0.05 | P33: =Runs!Q1430 -> 0.05 | Q33: =IF(COUNT(G33:P33)=0,"",AVERAGE(G33:P33)) -> 0.05 | R33: =IF(COUNT(G33:P33)<2,"",STDEV(G33:P33)) -> 0 | S33: =COUNT(G33:P33) -> 10
A34: C03 | B34: FP32 | C34: middle | D34: exp_msb | E34: 4 | F34: ALL | G34: =Runs!Q1332 -> 0.005 | H34: =Runs!Q1343 -> 0.005 | I34: =Runs!Q1354 -> 0.005 | J34: =Runs!Q1365 -> 0.005 | K34: =Runs!Q1376 -> 0.005 | L34: =Runs!Q1387 -> 0.005 | M34: =Runs!Q1398 -> 0.005 | N34: =Runs!Q1409 -> 0.005 | O34: =Runs!Q1420 -> 0.005 | P34: =Runs!Q1431 -> 0.005 | Q34: =IF(COUNT(G34:P34)=0,"",AVERAGE(G34:P34)) -> 0.005 | R34: =IF(COUNT(G34:P34)<2,"",STDEV(G34:P34)) -> 0 | S34: =COUNT(G34:P34) -> 10
A35: C04 | B35: FP32 | C35: late | D35: exp_msb | E35: 1 | F35: airplane | G35: =Runs!Q1432 -> 0 | H35: =Runs!Q1443 -> 0 | I35: =Runs!Q1454 -> 0 | J35: =Runs!Q1465 -> 0 | K35: =Runs!Q1476 -> 0 | L35: =Runs!Q1487 -> 0 | M35: =Runs!Q1498 -> 0 | N35: =Runs!Q1509 -> 0 | O35: =Runs!Q1520 -> 0 | P35: =Runs!Q1531 -> 0 | Q35: =IF(COUNT(G35:P35)=0,"",AVERAGE(G35:P35)) -> 0 | R35: =IF(COUNT(G35:P35)<2,"",STDEV(G35:P35)) -> 0 | S35: =COUNT(G35:P35) -> 10
A36: C04 | B36: FP32 | C36: late | D36: exp_msb | E36: 1 | F36: automobile | G36: =Runs!Q1433 -> 0 | H36: =Runs!Q1444 -> 0 | I36: =Runs!Q1455 -> 0 | J36: =Runs!Q1466 -> 0 | K36: =Runs!Q1477 -> 0 | L36: =Runs!Q1488 -> 0 | M36: =Runs!Q1499 -> 0 | N36: =Runs!Q1510 -> 0 | O36: =Runs!Q1521 -> 0 | P36: =Runs!Q1532 -> 0 | Q36: =IF(COUNT(G36:P36)=0,"",AVERAGE(G36:P36)) -> 0 | R36: =IF(COUNT(G36:P36)<2,"",STDEV(G36:P36)) -> 0 | S36: =COUNT(G36:P36) -> 10
A37: C04 | B37: FP32 | C37: late | D37: exp_msb | E37: 1 | F37: bird | G37: =Runs!Q1434 -> 0 | H37: =Runs!Q1445 -> 0 | I37: =Runs!Q1456 -> 0 | J37: =Runs!Q1467 -> 0 | K37: =Runs!Q1478 -> 0 | L37: =Runs!Q1489 -> 0 | M37: =Runs!Q1500 -> 0 | N37: =Runs!Q1511 -> 0 | O37: =Runs!Q1522 -> 0 | P37: =Runs!Q1533 -> 0 | Q37: =IF(COUNT(G37:P37)=0,"",AVERAGE(G37:P37)) -> 0 | R37: =IF(COUNT(G37:P37)<2,"",STDEV(G37:P37)) -> 0 | S37: =COUNT(G37:P37) -> 10
A38: C04 | B38: FP32 | C38: late | D38: exp_msb | E38: 1 | F38: cat | G38: =Runs!Q1435 -> 0 | H38: =Runs!Q1446 -> 0 | I38: =Runs!Q1457 -> 0 | J38: =Runs!Q1468 -> 0 | K38: =Runs!Q1479 -> 0 | L38: =Runs!Q1490 -> 0 | M38: =Runs!Q1501 -> 0 | N38: =Runs!Q1512 -> 0 | O38: =Runs!Q1523 -> 0 | P38: =Runs!Q1534 -> 0 | Q38: =IF(COUNT(G38:P38)=0,"",AVERAGE(G38:P38)) -> 0 | R38: =IF(COUNT(G38:P38)<2,"",STDEV(G38:P38)) -> 0 | S38: =COUNT(G38:P38) -> 10
A39: C04 | B39: FP32 | C39: late | D39: exp_msb | E39: 1 | F39: deer | G39: =Runs!Q1436 -> 0 | H39: =Runs!Q1447 -> 0 | I39: =Runs!Q1458 -> 0 | J39: =Runs!Q1469 -> 0 | K39: =Runs!Q1480 -> 0 | L39: =Runs!Q1491 -> 0 | M39: =Runs!Q1502 -> 0 | N39: =Runs!Q1513 -> 0 | O39: =Runs!Q1524 -> 0 | P39: =Runs!Q1535 -> 0 | Q39: =IF(COUNT(G39:P39)=0,"",AVERAGE(G39:P39)) -> 0 | R39: =IF(COUNT(G39:P39)<2,"",STDEV(G39:P39)) -> 0 | S39: =COUNT(G39:P39) -> 10
